contest_id,sport,contest_type,entry_fee,prize_pool,max_entries,current_entries,start_time,status
1,NBA,multiplier,0.25,4.51,20,10,2023-01-01 00:00:00.000000000,completed
2,NHL,50-50,10.0,942.8,100,97,2023-01-01 17:32:15.135135135,live
3,NHL,head2head,1.0,1.79,2,1,2023-01-02 11:04:30.270270270,cancelled
4,MLB,tournament,100.0,4684.91,50,46,2023-01-03 04:36:45.405405405,cancelled
5,NFL,tournament,1.0,89.49,100,83,2023-01-03 22:09:00.540540540,completed
6,MLB,satellite,3.0,28.44,10,6,2023-01-04 15:41:15.675675675,completed
7,NBA,50-50,25.0,1182.48,50,37,2023-01-05 09:13:30.810810810,completed
8,NBA,tournament,3.0,13243.71,5000,4189,2023-01-06 02:45:45.945945945,completed
9,NFL,tournament,3.0,140.79,50,49,2023-01-06 20:18:01.081081081,live
10,NFL,tournament,10.0,467.38,50,31,2023-01-07 13:50:16.216216216,completed
11,NBA,50-50,3.0,26.13,10,9,2023-01-08 07:22:31.351351351,cancelled
12,NBA,50-50,3.0,27.37,10,9,2023-01-09 00:54:46.486486486,completed
13,NBA,tournament,3.0,128.59,50,41,2023-01-09 18:27:01.621621621,upcoming
14,NFL,50-50,5.0,466.84,100,96,2023-01-10 11:59:16.756756756,completed
15,MLB,50-50,250.0,4337.27,20,13,2023-01-11 05:31:31.891891891,completed
16,NFL,satellite,50.0,428.54,10,9,2023-01-11 23:03:47.027027027,cancelled
17,NBA,satellite,3.0,66.75,25,21,2023-01-12 16:36:02.162162162,completed
18,NFL,50-50,5.0,453.85,100,52,2023-01-13 10:08:17.297297297,upcoming
19,NFL,50-50,5.0,467.75,100,95,2023-01-14 03:40:32.432432432,cancelled
20,NFL,tournament,250.0,2368560.63,10000,7422,2023-01-14 21:12:47.567567567,live
21,NBA,multiplier,1.0,89.39,100,73,2023-01-15 14:45:02.702702702,completed
22,NFL,tournament,5.0,42802.23,10000,7832,2023-01-16 08:17:17.837837837,completed
23,NHL,tournament,20.0,18498.23,1000,574,2023-01-17 01:49:32.972972973,completed
24,NBA,tournament,250.0,113314.67,500,367,2023-01-17 19:21:48.108108108,completed
25,NBA,multiplier,1.0,17.9,20,18,2023-01-18 12:54:03.243243243,completed
26,NFL,head2head,3.0,5.29,2,1,2023-01-19 06:26:18.378378378,completed
27,NFL,tournament,3.0,27007.2,10000,6364,2023-01-19 23:58:33.513513513,completed
28,NBA,tournament,0.25,22.1,100,50,2023-01-20 17:30:48.648648648,completed
29,NBA,head2head,10.0,18.51,2,1,2023-01-21 11:03:03.783783783,completed
30,NBA,head2head,20.0,36.18,2,1,2023-01-22 04:35:18.918918918,completed
31,NHL,multiplier,10.0,937.68,100,89,2023-01-22 22:07:34.054054054,completed
32,NFL,multiplier,1.0,90.44,100,97,2023-01-23 15:39:49.189189189,live
33,NFL,tournament,1.0,8738.26,10000,8042,2023-01-24 09:12:04.324324324,completed
34,MLB,multiplier,3.0,280.53,100,62,2023-01-25 02:44:19.459459459,completed
35,NBA,50-50,3.0,27.17,10,9,2023-01-25 20:16:34.594594594,completed
36,MLB,tournament,25.0,217671.03,10000,8876,2023-01-26 13:48:49.729729729,upcoming
37,NFL,50-50,1.0,9.12,10,7,2023-01-27 07:21:04.864864865,completed
38,NBA,satellite,0.25,5.54,25,21,2023-01-28 00:53:20.000000000,completed
39,MLB,tournament,5.0,23361.01,5000,4810,2023-01-28 18:25:35.135135135,cancelled
40,MLB,tournament,5.0,4476.65,1000,856,2023-01-29 11:57:50.270270270,upcoming
41,MLB,satellite,5.0,115.33,25,17,2023-01-30 05:30:05.405405405,completed
42,NBA,50-50,25.0,2148.88,100,85,2023-01-30 23:02:20.540540540,completed
43,NHL,head2head,1.0,1.78,2,1,2023-01-31 16:34:35.675675675,completed
44,NHL,50-50,20.0,948.32,50,34,2023-02-01 10:06:50.810810810,completed
45,NBA,tournament,3.0,279.25,100,70,2023-02-02 03:39:05.945945946,cancelled
46,NBA,multiplier,3.0,51.96,20,11,2023-02-02 21:11:21.081081081,completed
47,NBA,tournament,100.0,877776.4,10000,5115,2023-02-03 14:43:36.216216216,upcoming
48,NHL,tournament,3.0,2648.94,1000,566,2023-02-04 08:15:51.351351351,completed
49,NFL,50-50,10.0,91.5,10,8,2023-02-05 01:48:06.486486486,cancelled
50,NBA,tournament,3.0,138.85,50,45,2023-02-05 19:20:21.621621621,completed
51,NBA,tournament,10.0,462.48,50,49,2023-02-06 12:52:36.756756756,completed
52,NBA,50-50,25.0,1126.23,50,33,2023-02-07 06:24:51.891891892,completed
53,NFL,multiplier,50.0,2327.71,50,39,2023-02-07 23:57:07.027027027,completed
54,NFL,head2head,50.0,89.37,2,1,2023-02-08 17:29:22.162162162,completed
55,NHL,50-50,10.0,86.24,10,5,2023-02-09 11:01:37.297297297,upcoming
56,NFL,tournament,3.0,13596.66,5000,4294,2023-02-10 04:33:52.432432432,completed
57,MLB,tournament,20.0,18904.6,1000,877,2023-02-10 22:06:07.567567567,upcoming
58,NBA,tournament,20.0,185859.87,10000,5444,2023-02-11 15:38:22.702702702,completed
59,NBA,tournament,0.25,226.97,1000,930,2023-02-12 09:10:37.837837837,completed
60,NFL,multiplier,5.0,457.34,100,90,2023-02-13 02:42:52.972972973,cancelled
61,NBA,tournament,50.0,47152.81,1000,516,2023-02-13 20:15:08.108108108,completed
62,NBA,50-50,5.0,44.64,10,5,2023-02-14 13:47:23.243243243,completed
63,NHL,head2head,3.0,5.3,2,1,2023-02-15 07:19:38.378378378,completed
64,NFL,satellite,50.0,473.86,10,6,2023-02-16 00:51:53.513513513,completed
65,NBA,50-50,1.0,9.36,10,7,2023-02-16 18:24:08.648648648,upcoming
66,NBA,50-50,3.0,52.94,20,15,2023-02-17 11:56:23.783783783,live
67,NBA,tournament,20.0,8963.78,500,316,2023-02-18 05:28:38.918918919,completed
68,NHL,tournament,5.0,22287.7,5000,4778,2023-02-18 23:00:54.054054054,upcoming
69,NBA,tournament,20.0,864.91,50,34,2023-02-19 16:33:09.189189189,completed
70,NBA,satellite,1.0,23.64,25,13,2023-02-20 10:05:24.324324324,completed
71,NFL,tournament,3.0,1335.65,500,325,2023-02-21 03:37:39.459459459,cancelled
72,NBA,50-50,1.0,9.38,10,7,2023-02-21 21:09:54.594594594,completed
73,NBA,50-50,100.0,4344.68,50,35,2023-02-22 14:42:09.729729730,upcoming
74,NBA,tournament,5.0,45239.35,10000,6369,2023-02-23 08:14:24.864864865,live
75,NBA,50-50,3.0,255.72,100,56,2023-02-24 01:46:40.000000000,upcoming
76,NBA,50-50,0.25,11.58,50,45,2023-02-24 19:18:55.135135135,upcoming
77,NBA,50-50,1.0,18.16,20,19,2023-02-25 12:51:10.270270270,completed
78,MLB,tournament,5.0,2281.4,500,332,2023-02-26 06:23:25.405405405,completed
79,NBA,tournament,1.0,427.59,500,345,2023-02-26 23:55:40.540540540,completed
80,MLB,tournament,10.0,8711.04,1000,809,2023-02-27 17:27:55.675675675,live
81,MLB,multiplier,5.0,428.72,100,85,2023-02-28 11:00:10.810810811,completed
82,NFL,50-50,25.0,1098.61,50,34,2023-03-01 04:32:25.945945946,completed
83,NBA,tournament,20.0,182548.78,10000,9524,2023-03-01 22:04:41.081081081,completed
84,NBA,satellite,5.0,113.33,25,19,2023-03-02 15:36:56.216216216,cancelled
85,NFL,head2head,3.0,5.47,2,1,2023-03-03 09:09:11.351351351,live
86,NFL,multiplier,20.0,361.97,20,16,2023-03-04 02:41:26.486486486,completed
87,NFL,satellite,20.0,877.3,50,48,2023-03-04 20:13:41.621621621,completed
88,NBA,multiplier,1.0,43.72,50,44,2023-03-05 13:45:56.756756757,completed
89,NHL,multiplier,100.0,8637.06,100,52,2023-03-06 07:18:11.891891892,completed
90,NBA,tournament,1.0,93.49,100,66,2023-03-07 00:50:27.027027027,completed
91,NBA,tournament,1.0,9116.48,10000,7352,2023-03-07 18:22:42.162162162,upcoming
92,NFL,50-50,1.0,17.37,20,13,2023-03-08 11:54:57.297297297,cancelled
93,NBA,tournament,50.0,216930.23,5000,4250,2023-03-09 05:27:12.432432432,completed
94,NFL,head2head,10.0,18.75,2,1,2023-03-09 22:59:27.567567567,completed
95,MLB,50-50,25.0,231.07,10,8,2023-03-10 16:31:42.702702702,completed
96,MLB,tournament,3.0,137.39,50,49,2023-03-11 10:03:57.837837838,completed
97,MLB,multiplier,5.0,89.07,20,12,2023-03-12 03:36:12.972972973,completed
98,NFL,multiplier,5.0,438.1,100,93,2023-03-12 21:08:28.108108108,completed
99,NFL,multiplier,25.0,2369.86,100,88,2023-03-13 14:40:43.243243243,completed
100,NBA,50-50,0.25,2.32,10,6,2023-03-14 08:12:58.378378378,upcoming
101,NFL,multiplier,3.0,132.03,50,43,2023-03-15 01:45:13.513513513,live
102,NBA,multiplier,1.0,46.74,50,27,2023-03-15 19:17:28.648648648,completed
103,NBA,50-50,50.0,925.89,20,17,2023-03-16 12:49:43.783783784,completed
104,NBA,tournament,5.0,43985.4,10000,7661,2023-03-17 06:21:58.918918919,upcoming
105,NFL,multiplier,5.0,446.33,100,64,2023-03-17 23:54:14.054054054,cancelled
106,NFL,multiplier,5.0,217.15,50,41,2023-03-18 17:26:29.189189189,completed
107,NHL,tournament,250.0,21527.63,100,82,2023-03-19 10:58:44.324324324,completed
108,NBA,head2head,50.0,92.23,2,1,2023-03-20 04:30:59.459459459,completed
109,NHL,50-50,20.0,1753.5,100,51,2023-03-20 22:03:14.594594594,completed
110,MLB,head2head,3.0,5.59,2,1,2023-03-21 15:35:29.729729729,completed
111,NFL,satellite,1.0,9.5,10,7,2023-03-22 09:07:44.864864865,completed
112,NFL,satellite,100.0,2144.15,25,23,2023-03-23 02:40:00.000000000,completed
113,NBA,head2head,5.0,8.97,2,1,2023-03-23 20:12:15.135135135,completed
114,MLB,50-50,3.0,139.53,50,38,2023-03-24 13:44:30.270270270,completed
115,NFL,head2head,5.0,9.29,2,1,2023-03-25 07:16:45.405405405,cancelled
116,NHL,50-50,100.0,9260.0,100,71,2023-03-26 00:49:00.540540540,completed
117,NFL,tournament,5.0,4424.5,1000,873,2023-03-26 18:21:15.675675675,live
118,MLB,50-50,10.0,179.08,20,12,2023-03-27 11:53:30.810810811,completed
119,MLB,tournament,25.0,22737.42,1000,685,2023-03-28 05:25:45.945945946,completed
120,NBA,head2head,5.0,9.47,2,1,2023-03-28 22:58:01.081081081,completed
121,NBA,tournament,3.0,26482.64,10000,5090,2023-03-29 16:30:16.216216216,completed
122,NFL,head2head,500.0,942.31,2,1,2023-03-30 10:02:31.351351351,completed
123,NFL,50-50,100.0,8769.36,100,91,2023-03-31 03:34:46.486486486,completed
124,NBA,head2head,50.0,94.89,2,1,2023-03-31 21:07:01.621621621,completed
125,MLB,tournament,20.0,917.03,50,36,2023-04-01 14:39:16.756756756,live
126,NFL,multiplier,3.0,268.91,100,92,2023-04-02 08:11:31.891891892,completed
127,NHL,multiplier,100.0,1822.68,20,17,2023-04-03 01:43:47.027027027,live
128,MLB,multiplier,3.0,131.59,50,32,2023-04-03 19:16:02.162162162,completed
129,NFL,satellite,25.0,219.35,10,6,2023-04-04 12:48:17.297297297,completed
130,NHL,head2head,100.0,172.27,2,1,2023-04-05 06:20:32.432432432,completed
131,NFL,head2head,10.0,17.23,2,1,2023-04-05 23:52:47.567567567,live
132,MLB,50-50,25.0,2211.92,100,58,2023-04-06 17:25:02.702702702,cancelled
133,NBA,multiplier,25.0,463.14,20,13,2023-04-07 10:57:17.837837838,upcoming
134,NBA,satellite,1.0,9.11,10,9,2023-04-08 04:29:32.972972973,completed
135,NFL,head2head,20.0,34.41,2,1,2023-04-08 22:01:48.108108108,upcoming
136,NFL,tournament,1.0,93.52,100,99,2023-04-09 15:34:03.243243243,completed
137,NFL,tournament,10.0,9101.37,1000,883,2023-04-10 09:06:18.378378378,cancelled
138,NFL,50-50,1.0,9.46,10,9,2023-04-11 02:38:33.513513513,completed
139,NBA,50-50,5.0,45.85,10,6,2023-04-11 20:10:48.648648648,completed
140,NHL,head2head,50.0,86.75,2,1,2023-04-12 13:43:03.783783783,completed
141,NFL,tournament,250.0,2243445.84,10000,5101,2023-04-13 07:15:18.918918919,completed
142,NFL,50-50,3.0,137.23,50,41,2023-04-14 00:47:34.054054054,live
143,NFL,50-50,10.0,852.83,100,73,2023-04-14 18:19:49.189189189,upcoming
144,MLB,head2head,10.0,17.03,2,1,2023-04-15 11:52:04.324324324,completed
145,NHL,multiplier,100.0,8629.4,100,93,2023-04-16 05:24:19.459459460,live
146,NFL,50-50,5.0,218.79,50,46,2023-04-16 22:56:34.594594594,upcoming
147,NBA,multiplier,20.0,892.95,50,25,2023-04-17 16:28:49.729729730,completed
148,NFL,multiplier,100.0,4493.72,50,40,2023-04-18 10:01:04.864864864,completed
149,NFL,head2head,5.0,8.64,2,1,2023-04-19 03:33:20.000000000,completed
150,MLB,head2head,50.0,91.73,2,1,2023-04-19 21:05:35.135135134,completed
151,NBA,50-50,100.0,9096.14,100,91,2023-04-20 14:37:50.270270270,completed
152,NHL,head2head,100.0,175.89,2,1,2023-04-21 08:10:05.405405406,completed
153,NFL,multiplier,3.0,255.41,100,97,2023-04-22 01:42:20.540540540,completed
154,NHL,50-50,5.0,42.89,10,5,2023-04-22 19:14:35.675675676,completed
155,NBA,multiplier,50.0,4445.85,100,83,2023-04-23 12:46:50.810810810,upcoming
156,MLB,tournament,5.0,432.7,100,83,2023-04-24 06:19:05.945945946,completed
157,NHL,tournament,10.0,443.84,50,31,2023-04-24 23:51:21.081081080,completed
158,NHL,50-50,1.0,9.13,10,6,2023-04-25 17:23:36.216216216,completed
159,NBA,head2head,1.0,1.81,2,1,2023-04-26 10:55:51.351351350,completed
160,NBA,50-50,5.0,87.31,20,17,2023-04-27 04:28:06.486486486,completed
161,NFL,multiplier,10.0,176.88,20,13,2023-04-27 22:00:21.621621622,completed
162,NBA,tournament,5.0,2278.51,500,383,2023-04-28 15:32:36.756756756,completed
163,NBA,50-50,10.0,187.22,20,10,2023-04-29 09:04:51.891891892,completed
164,NBA,head2head,10.0,18.51,2,1,2023-04-30 02:37:07.027027026,completed
165,NFL,tournament,20.0,18106.8,1000,742,2023-04-30 20:09:22.162162162,completed
166,NFL,satellite,10.0,221.56,25,13,2023-05-01 13:41:37.297297296,live
167,NBA,satellite,5.0,110.81,25,23,2023-05-02 07:13:52.432432432,completed
168,NBA,tournament,5.0,468.97,100,85,2023-05-03 00:46:07.567567568,completed
169,NFL,satellite,1.0,8.54,10,9,2023-05-03 18:18:22.702702702,completed
170,NFL,tournament,10.0,948.8,100,84,2023-05-04 11:50:37.837837838,upcoming
171,NBA,tournament,10.0,916.44,100,97,2023-05-05 05:22:52.972972972,completed
172,NBA,tournament,5.0,229.53,50,38,2023-05-05 22:55:08.108108108,live
173,NHL,satellite,3.0,64.03,25,20,2023-05-06 16:27:23.243243242,upcoming
174,NHL,head2head,20.0,36.42,2,1,2023-05-07 09:59:38.378378378,completed
175,NHL,50-50,1.0,8.98,10,8,2023-05-08 03:31:53.513513514,completed
176,MLB,50-50,100.0,860.58,10,5,2023-05-08 21:04:08.648648648,completed
177,NBA,50-50,0.25,4.39,20,17,2023-05-09 14:36:23.783783784,completed
178,NFL,tournament,250.0,23475.79,100,95,2023-05-10 08:08:38.918918918,completed
179,NFL,tournament,5.0,2262.5,500,448,2023-05-11 01:40:54.054054054,completed
180,NFL,head2head,5.0,8.91,2,1,2023-05-11 19:13:09.189189188,completed
181,NBA,50-50,3.0,25.72,10,8,2023-05-12 12:45:24.324324324,completed
182,NFL,50-50,0.25,11.52,50,49,2023-05-13 06:17:39.459459460,upcoming
183,NFL,50-50,3.0,55.22,20,10,2023-05-13 23:49:54.594594594,completed
184,NBA,50-50,1.0,18.23,20,16,2023-05-14 17:22:09.729729730,upcoming
185,MLB,head2head,20.0,36.04,2,1,2023-05-15 10:54:24.864864864,cancelled
186,NBA,multiplier,3.0,268.01,100,82,2023-05-16 04:26:40.000000000,cancelled
187,NBA,50-50,25.0,454.66,20,16,2023-05-16 21:58:55.135135134,upcoming
188,NBA,head2head,3.0,5.24,2,1,2023-05-17 15:31:10.270270270,completed
189,NBA,tournament,50.0,236031.48,5000,3016,2023-05-18 09:03:25.405405404,completed
190,NBA,multiplier,10.0,908.88,100,81,2023-05-19 02:35:40.540540540,completed
191,NHL,multiplier,1.0,88.11,100,56,2023-05-19 20:07:55.675675676,completed
192,NFL,tournament,5.0,2237.42,500,316,2023-05-20 13:40:10.810810810,upcoming
193,NFL,50-50,3.0,139.59,50,45,2023-05-21 07:12:25.945945946,cancelled
194,NBA,head2head,1.0,1.73,2,1,2023-05-22 00:44:41.081081080,completed
195,NFL,head2head,10.0,17.59,2,1,2023-05-22 18:16:56.216216216,completed
196,MLB,50-50,20.0,183.59,10,9,2023-05-23 11:49:11.351351350,completed
197,NFL,50-50,100.0,881.55,10,6,2023-05-24 05:21:26.486486486,completed
198,NFL,50-50,10.0,92.93,10,6,2023-05-24 22:53:41.621621622,completed
199,NHL,tournament,250.0,107880.67,500,401,2023-05-25 16:25:56.756756756,completed
200,MLB,head2head,100.0,185.25,2,1,2023-05-26 09:58:11.891891892,upcoming
201,NFL,tournament,50.0,42841.76,1000,950,2023-05-27 03:30:27.027027026,completed
202,NBA,head2head,5.0,8.51,2,1,2023-05-27 21:02:42.162162162,upcoming
203,NFL,head2head,1.0,1.88,2,1,2023-05-28 14:34:57.297297296,completed
204,NFL,tournament,3.0,2724.4,1000,614,2023-05-29 08:07:12.432432432,upcoming
205,NFL,tournament,10.0,442.59,50,25,2023-05-30 01:39:27.567567568,completed
206,MLB,tournament,5.0,4366.3,1000,691,2023-05-30 19:11:42.702702702,upcoming
207,NFL,50-50,1.0,91.17,100,57,2023-05-31 12:43:57.837837838,live
208,MLB,head2head,5.0,9.01,2,1,2023-06-01 06:16:12.972972972,completed
209,NBA,head2head,0.25,0.47,2,1,2023-06-01 23:48:28.108108108,completed
210,NBA,50-50,20.0,1896.64,100,52,2023-06-02 17:20:43.243243242,upcoming
211,NBA,head2head,1.0,1.83,2,1,2023-06-03 10:52:58.378378378,completed
212,NHL,50-50,10.0,894.29,100,62,2023-06-04 04:25:13.513513514,completed
213,MLB,head2head,25.0,44.96,2,1,2023-06-04 21:57:28.648648648,completed
214,NFL,tournament,1.0,91.82,100,83,2023-06-05 15:29:43.783783784,live
215,NFL,head2head,10.0,17.2,2,1,2023-06-06 09:01:58.918918918,upcoming
216,NFL,head2head,25.0,44.14,2,1,2023-06-07 02:34:14.054054054,completed
217,NHL,50-50,3.0,25.73,10,5,2023-06-07 20:06:29.189189188,completed
218,MLB,satellite,1.0,42.87,50,35,2023-06-08 13:38:44.324324324,cancelled
219,NFL,head2head,3.0,5.22,2,1,2023-06-09 07:10:59.459459458,upcoming
220,NFL,tournament,10.0,8985.25,1000,957,2023-06-10 00:43:14.594594594,upcoming
221,NBA,50-50,10.0,185.7,20,14,2023-06-10 18:15:29.729729730,completed
222,NFL,tournament,1.0,89.85,100,71,2023-06-11 11:47:44.864864864,completed
223,NFL,multiplier,5.0,441.77,100,85,2023-06-12 05:20:00.000000000,completed
224,NBA,head2head,3.0,5.15,2,1,2023-06-12 22:52:15.135135134,live
225,MLB,satellite,50.0,2262.57,50,31,2023-06-13 16:24:30.270270270,completed
226,NFL,tournament,3.0,263.14,100,72,2023-06-14 09:56:45.405405404,completed
227,NHL,tournament,50.0,2278.73,50,44,2023-06-15 03:29:00.540540540,completed
228,NBA,multiplier,5.0,236.93,50,40,2023-06-15 21:01:15.675675676,completed
229,NFL,50-50,20.0,344.45,20,11,2023-06-16 14:33:30.810810810,upcoming
230,NFL,tournament,10.0,87121.25,10000,8138,2023-06-17 08:05:45.945945946,completed
231,NBA,50-50,10.0,897.31,100,59,2023-06-18 01:38:01.081081080,live
232,NFL,50-50,5.0,473.43,100,75,2023-06-18 19:10:16.216216216,upcoming
233,NBA,head2head,25.0,46.36,2,1,2023-06-19 12:42:31.351351350,completed
234,NBA,50-50,5.0,93.98,20,18,2023-06-20 06:14:46.486486486,live
235,NBA,head2head,5.0,8.83,2,1,2023-06-20 23:47:01.621621622,cancelled
236,NBA,multiplier,10.0,474.6,50,31,2023-06-21 17:19:16.756756756,cancelled
237,NFL,satellite,50.0,2150.71,50,30,2023-06-22 10:51:31.891891892,completed
238,NBA,tournament,20.0,85529.73,5000,4685,2023-06-23 04:23:47.027027026,completed
239,NFL,tournament,3.0,14033.4,5000,2927,2023-06-23 21:56:02.162162162,completed
240,MLB,head2head,20.0,37.71,2,1,2023-06-24 15:28:17.297297296,live
241,NFL,head2head,10.0,17.18,2,1,2023-06-25 09:00:32.432432432,live
242,NHL,satellite,100.0,2153.36,25,22,2023-06-26 02:32:47.567567568,live
243,NFL,head2head,50.0,85.33,2,1,2023-06-26 20:05:02.702702702,completed
244,NFL,tournament,10.0,8604.51,1000,675,2023-06-27 13:37:17.837837838,completed
245,NBA,multiplier,3.0,52.26,20,13,2023-06-28 07:09:32.972972972,completed
246,MLB,multiplier,25.0,473.5,20,18,2023-06-29 00:41:48.108108108,completed
247,MLB,tournament,10.0,91678.6,10000,7768,2023-06-29 18:14:03.243243242,live
248,NBA,50-50,250.0,11598.19,50,42,2023-06-30 11:46:18.378378378,completed
249,NBA,50-50,3.0,139.14,50,47,2023-07-01 05:18:33.513513512,completed
250,NBA,satellite,1.0,9.04,10,9,2023-07-01 22:50:48.648648648,completed
251,NFL,50-50,1.0,92.97,100,66,2023-07-02 16:23:03.783783784,completed
252,NFL,50-50,10.0,454.79,50,48,2023-07-03 09:55:18.918918918,completed
253,NFL,head2head,100.0,176.29,2,1,2023-07-04 03:27:34.054054054,completed
254,NBA,head2head,0.25,0.45,2,1,2023-07-04 20:59:49.189189188,completed
255,MLB,50-50,20.0,903.35,50,47,2023-07-05 14:32:04.324324324,completed
256,NBA,satellite,20.0,186.47,10,6,2023-07-06 08:04:19.459459458,completed
257,NBA,multiplier,20.0,948.17,50,31,2023-07-07 01:36:34.594594594,live
258,NFL,satellite,5.0,44.56,10,6,2023-07-07 19:08:49.729729730,completed
259,NBA,tournament,25.0,1157.92,50,40,2023-07-08 12:41:04.864864864,live
260,NBA,50-50,0.25,21.5,100,71,2023-07-09 06:13:20.000000000,live
261,NBA,multiplier,25.0,463.84,20,17,2023-07-09 23:45:35.135135134,completed
262,NFL,50-50,3.0,266.14,100,94,2023-07-10 17:17:50.270270270,cancelled
263,NHL,tournament,5.0,426.97,100,83,2023-07-11 10:50:05.405405404,completed
264,MLB,tournament,25.0,22158.12,1000,602,2023-07-12 04:22:20.540540540,live
265,NFL,multiplier,3.0,136.66,50,48,2023-07-12 21:54:35.675675676,cancelled
266,NBA,tournament,1.0,86.19,100,63,2023-07-13 15:26:50.810810810,upcoming
267,NFL,satellite,20.0,471.2,25,14,2023-07-14 08:59:05.945945946,completed
268,NFL,tournament,10.0,428.88,50,27,2023-07-15 02:31:21.081081080,completed
269,NBA,50-50,10.0,943.0,100,78,2023-07-15 20:03:36.216216216,completed
270,NBA,50-50,3.0,138.11,50,27,2023-07-16 13:35:51.351351350,completed
271,NBA,50-50,0.25,2.21,10,5,2023-07-17 07:08:06.486486486,live
272,MLB,tournament,5.0,444.54,100,65,2023-07-18 00:40:21.621621620,completed
273,NBA,satellite,1.0,46.2,50,32,2023-07-18 18:12:36.756756756,completed
274,MLB,50-50,50.0,455.07,10,8,2023-07-19 11:44:51.891891892,live
275,NBA,tournament,0.25,114.65,500,454,2023-07-20 05:17:07.027027026,completed
276,NBA,50-50,5.0,88.89,20,17,2023-07-20 22:49:22.162162162,upcoming
277,NFL,tournament,1.0,449.39,500,315,2023-07-21 16:21:37.297297296,upcoming
278,NFL,tournament,1.0,94.9,100,62,2023-07-22 09:53:52.432432432,completed
279,NBA,tournament,20.0,871.39,50,49,2023-07-23 03:26:07.567567566,completed
280,NBA,multiplier,10.0,891.79,100,50,2023-07-23 20:58:22.702702702,completed
281,NBA,tournament,0.25,219.8,1000,939,2023-07-24 14:30:37.837837838,completed
282,NBA,50-50,0.25,2.32,10,5,2023-07-25 08:02:52.972972972,cancelled
283,NBA,tournament,1.0,926.4,1000,973,2023-07-26 01:35:08.108108108,upcoming
284,NHL,tournament,25.0,21981.11,1000,671,2023-07-26 19:07:23.243243242,completed
285,NFL,satellite,10.0,429.07,50,36,2023-07-27 12:39:38.378378378,completed
286,NFL,50-50,0.25,4.26,20,17,2023-07-28 06:11:53.513513512,completed
287,NBA,satellite,5.0,111.59,25,19,2023-07-28 23:44:08.648648648,completed
288,NBA,tournament,20.0,89103.38,5000,3294,2023-07-29 17:16:23.783783784,completed
289,NBA,head2head,50.0,94.88,2,1,2023-07-30 10:48:38.918918920,completed
290,NFL,multiplier,100.0,4484.9,50,43,2023-07-31 04:20:54.054054052,completed
291,NFL,50-50,3.0,52.54,20,10,2023-07-31 21:53:09.189189188,completed
292,NBA,head2head,1.0,1.88,2,1,2023-08-01 15:25:24.324324324,completed
293,MLB,tournament,3.0,269.73,100,72,2023-08-02 08:57:39.459459460,cancelled
294,NFL,multiplier,25.0,1137.4,50,28,2023-08-03 02:29:54.594594592,live
295,NBA,tournament,250.0,21489.17,100,83,2023-08-03 20:02:09.729729728,completed
296,NBA,50-50,5.0,44.41,10,6,2023-08-04 13:34:24.864864864,completed
297,NFL,tournament,3.0,14166.34,5000,3582,2023-08-05 07:06:40.000000000,completed
298,MLB,tournament,5.0,45447.53,10000,5988,2023-08-06 00:38:55.135135136,completed
299,NBA,satellite,3.0,66.33,25,19,2023-08-06 18:11:10.270270268,completed
300,NBA,tournament,3.0,13688.5,5000,2790,2023-08-07 11:43:25.405405404,upcoming
301,NFL,tournament,10.0,4705.21,500,255,2023-08-08 05:15:40.540540540,completed
302,NBA,multiplier,0.25,4.39,20,10,2023-08-08 22:47:55.675675676,completed
303,NFL,tournament,3.0,270.15,100,97,2023-08-09 16:20:10.810810812,completed
304,NFL,tournament,20.0,189173.81,10000,5711,2023-08-10 09:52:25.945945944,upcoming
305,NBA,50-50,0.25,2.17,10,8,2023-08-11 03:24:41.081081080,upcoming
306,NBA,tournament,1.0,9219.66,10000,5339,2023-08-11 20:56:56.216216216,completed
307,NFL,tournament,3.0,136.72,50,27,2023-08-12 14:29:11.351351352,completed
308,NBA,tournament,50.0,22949.19,500,377,2023-08-13 08:01:26.486486484,completed
309,NBA,50-50,25.0,2212.8,100,73,2023-08-14 01:33:41.621621620,completed
310,MLB,50-50,0.25,2.2,10,9,2023-08-14 19:05:56.756756756,completed
311,NBA,50-50,10.0,91.84,10,9,2023-08-15 12:38:11.891891892,completed
312,NFL,head2head,3.0,5.23,2,1,2023-08-16 06:10:27.027027028,completed
313,NBA,50-50,10.0,891.97,100,80,2023-08-16 23:42:42.162162160,completed
314,NFL,satellite,20.0,868.82,50,36,2023-08-17 17:14:57.297297296,completed
315,NBA,tournament,50.0,21270.76,500,339,2023-08-18 10:47:12.432432432,upcoming
316,NHL,50-50,5.0,473.5,100,97,2023-08-19 04:19:27.567567568,completed
317,NFL,50-50,500.0,22329.26,50,40,2023-08-19 21:51:42.702702700,live
318,NBA,multiplier,250.0,23673.37,100,78,2023-08-20 15:23:57.837837836,completed
319,NFL,satellite,50.0,2160.08,50,30,2023-08-21 08:56:12.972972972,completed
320,NBA,head2head,10.0,18.17,2,1,2023-08-22 02:28:28.108108108,completed
321,NFL,tournament,5.0,4350.49,1000,972,2023-08-22 20:00:43.243243244,live
322,MLB,tournament,5.0,4645.04,1000,656,2023-08-23 13:32:58.378378376,completed
323,NFL,tournament,0.25,2320.93,10000,7212,2023-08-24 07:05:13.513513512,completed
324,NBA,head2head,3.0,5.17,2,1,2023-08-25 00:37:28.648648648,completed
325,NFL,multiplier,20.0,376.48,20,18,2023-08-25 18:09:43.783783784,completed
326,NBA,head2head,10.0,17.39,2,1,2023-08-26 11:41:58.918918920,cancelled
327,MLB,tournament,100.0,4556.49,50,45,2023-08-27 05:14:14.054054052,completed
328,NFL,50-50,1.0,47.43,50,28,2023-08-27 22:46:29.189189188,completed
329,NBA,tournament,1.0,4691.2,5000,4716,2023-08-28 16:18:44.324324324,completed
330,NBA,multiplier,25.0,2364.14,100,86,2023-08-29 09:50:59.459459460,upcoming
331,MLB,multiplier,5.0,221.06,50,29,2023-08-30 03:23:14.594594592,completed
332,MLB,tournament,1.0,43.03,50,39,2023-08-30 20:55:29.729729728,live
333,NBA,tournament,500.0,21720.87,50,32,2023-08-31 14:27:44.864864864,upcoming
334,NBA,tournament,25.0,225012.37,10000,5891,2023-09-01 08:00:00.000000000,completed
335,NFL,50-50,5.0,92.93,20,18,2023-09-02 01:32:15.135135136,completed
336,NBA,head2head,25.0,43.25,2,1,2023-09-02 19:04:30.270270268,completed
337,NBA,50-50,20.0,366.39,20,13,2023-09-03 12:36:45.405405404,upcoming
338,NBA,multiplier,25.0,441.18,20,11,2023-09-04 06:09:00.540540540,completed
339,NBA,tournament,25.0,110515.03,5000,3457,2023-09-04 23:41:15.675675676,completed
340,NFL,multiplier,1.0,45.81,50,46,2023-09-05 17:13:30.810810812,live
341,NHL,head2head,10.0,17.93,2,1,2023-09-06 10:45:45.945945944,completed
342,NFL,multiplier,0.25,11.64,50,48,2023-09-07 04:18:01.081081080,completed
343,NBA,head2head,0.25,0.43,2,1,2023-09-07 21:50:16.216216216,completed
344,NFL,50-50,50.0,4644.97,100,57,2023-09-08 15:22:31.351351352,completed
345,NFL,tournament,10.0,856.42,100,58,2023-09-09 08:54:46.486486484,completed
346,NBA,multiplier,20.0,869.41,50,46,2023-09-10 02:27:01.621621620,completed
347,NHL,tournament,50.0,4578.07,100,69,2023-09-10 19:59:16.756756756,upcoming
348,NFL,head2head,100.0,187.1,2,1,2023-09-11 13:31:31.891891892,completed
349,NHL,50-50,50.0,2188.17,50,31,2023-09-12 07:03:47.027027028,upcoming
350,NFL,tournament,5.0,44135.96,10000,7988,2023-09-13 00:36:02.162162160,completed
351,NFL,50-50,3.0,271.11,100,89,2023-09-13 18:08:17.297297296,completed
352,NBA,multiplier,1.0,87.12,100,56,2023-09-14 11:40:32.432432432,live
353,NFL,tournament,5.0,23277.89,5000,2776,2023-09-15 05:12:47.567567568,completed
354,NBA,tournament,5.0,23184.09,5000,4805,2023-09-15 22:45:02.702702700,cancelled
355,MLB,head2head,10.0,17.29,2,1,2023-09-16 16:17:17.837837836,upcoming
356,MLB,50-50,20.0,1792.77,100,79,2023-09-17 09:49:32.972972972,completed
357,MLB,tournament,250.0,231870.69,1000,884,2023-09-18 03:21:48.108108108,completed
358,NFL,tournament,20.0,17674.66,1000,714,2023-09-18 20:54:03.243243244,completed
359,MLB,head2head,10.0,18.27,2,1,2023-09-19 14:26:18.378378376,completed
360,NBA,tournament,3.0,2565.06,1000,685,2023-09-20 07:58:33.513513512,completed
361,NFL,satellite,0.25,5.69,25,15,2023-09-21 01:30:48.648648648,completed
362,NFL,tournament,3.0,129.79,50,43,2023-09-21 19:03:03.783783784,completed
363,NFL,50-50,25.0,2332.65,100,70,2023-09-22 12:35:18.918918920,completed
364,NFL,50-50,3.0,53.13,20,19,2023-09-23 06:07:34.054054052,upcoming
365,NBA,50-50,20.0,1756.31,100,67,2023-09-23 23:39:49.189189188,upcoming
366,NBA,tournament,10.0,934.09,100,96,2023-09-24 17:12:04.324324324,completed
367,NHL,50-50,1.0,42.75,50,48,2023-09-25 10:44:19.459459460,upcoming
368,NFL,multiplier,3.0,53.38,20,12,2023-09-26 04:16:34.594594592,completed
369,NBA,head2head,5.0,8.87,2,1,2023-09-26 21:48:49.729729728,completed
370,MLB,tournament,5.0,219.62,50,35,2023-09-27 15:21:04.864864864,completed
371,NHL,tournament,25.0,235293.86,10000,9587,2023-09-28 08:53:20.000000000,completed
372,NBA,tournament,20.0,185018.57,10000,7250,2023-09-29 02:25:35.135135136,completed
373,MLB,tournament,10.0,42819.62,5000,4360,2023-09-29 19:57:50.270270268,upcoming
374,NHL,50-50,25.0,1151.84,50,36,2023-09-30 13:30:05.405405404,cancelled
375,NHL,head2head,10.0,18.05,2,1,2023-10-01 07:02:20.540540540,completed
376,NHL,tournament,250.0,2350216.97,10000,5996,2023-10-02 00:34:35.675675676,upcoming
377,NFL,50-50,3.0,52.88,20,14,2023-10-02 18:06:50.810810808,completed
378,NBA,tournament,20.0,9074.16,500,438,2023-10-03 11:39:05.945945944,completed
379,NBA,50-50,5.0,45.0,10,8,2023-10-04 05:11:21.081081080,live
380,NBA,tournament,3.0,269.69,100,84,2023-10-04 22:43:36.216216216,completed
381,NFL,satellite,1.0,44.78,50,32,2023-10-05 16:15:51.351351352,completed
382,NBA,tournament,10.0,4352.81,500,370,2023-10-06 09:48:06.486486484,completed
383,NBA,50-50,3.0,27.77,10,5,2023-10-07 03:20:21.621621620,completed
384,NBA,multiplier,3.0,134.27,50,45,2023-10-07 20:52:36.756756756,completed
385,NBA,tournament,500.0,47292.58,100,99,2023-10-08 14:24:51.891891892,completed
386,MLB,head2head,25.0,43.8,2,1,2023-10-09 07:57:07.027027028,completed
387,NBA,50-50,20.0,367.31,20,10,2023-10-10 01:29:22.162162160,completed
388,NFL,tournament,25.0,1180.09,50,29,2023-10-10 19:01:37.297297296,completed
389,NFL,multiplier,250.0,11454.32,50,41,2023-10-11 12:33:52.432432432,completed
390,NBA,satellite,10.0,234.28,25,20,2023-10-12 06:06:07.567567568,upcoming
391,NHL,tournament,3.0,27982.44,10000,8939,2023-10-12 23:38:22.702702700,completed
392,NFL,tournament,50.0,443005.89,10000,6269,2023-10-13 17:10:37.837837836,completed
393,NBA,tournament,20.0,910.01,50,44,2023-10-14 10:42:52.972972972,completed
394,NBA,tournament,5.0,4328.13,1000,843,2023-10-15 04:15:08.108108108,completed
395,NBA,50-50,5.0,451.78,100,66,2023-10-15 21:47:23.243243244,completed
396,NBA,50-50,5.0,218.26,50,38,2023-10-16 15:19:38.378378376,completed
397,NBA,tournament,100.0,9243.74,100,57,2023-10-17 08:51:53.513513512,cancelled
398,NFL,head2head,3.0,5.42,2,1,2023-10-18 02:24:08.648648648,live
399,MLB,tournament,250.0,2227806.84,10000,9405,2023-10-18 19:56:23.783783784,completed
400,NFL,tournament,100.0,8768.8,100,71,2023-10-19 13:28:38.918918916,completed
401,NBA,multiplier,10.0,189.97,20,18,2023-10-20 07:00:54.054054052,completed
402,NBA,head2head,10.0,17.14,2,1,2023-10-21 00:33:09.189189188,completed
403,NFL,multiplier,5.0,213.59,50,29,2023-10-21 18:05:24.324324324,completed
404,NBA,50-50,0.25,2.18,10,7,2023-10-22 11:37:39.459459460,upcoming
405,NBA,50-50,1.0,94.71,100,75,2023-10-23 05:09:54.594594592,completed
406,MLB,tournament,25.0,2369.81,100,69,2023-10-23 22:42:09.729729728,upcoming
407,NBA,50-50,5.0,91.55,20,11,2023-10-24 16:14:24.864864864,completed
408,MLB,50-50,1.0,46.9,50,35,2023-10-25 09:46:40.000000000,completed
409,NBA,50-50,3.0,261.42,100,53,2023-10-26 03:18:55.135135136,completed
410,NHL,tournament,100.0,9472.04,100,54,2023-10-26 20:51:10.270270268,completed
411,NFL,tournament,5.0,21606.96,5000,3539,2023-10-27 14:23:25.405405404,upcoming
412,NFL,50-50,50.0,4300.56,100,65,2023-10-28 07:55:40.540540540,completed
413,NBA,head2head,3.0,5.17,2,1,2023-10-29 01:27:55.675675676,completed
414,MLB,tournament,10.0,4536.56,500,343,2023-10-29 19:00:10.810810808,cancelled
415,MLB,satellite,0.25,2.32,10,8,2023-10-30 12:32:25.945945944,upcoming
416,NFL,head2head,10.0,17.73,2,1,2023-10-31 06:04:41.081081080,upcoming
417,NFL,tournament,10.0,473.89,50,42,2023-10-31 23:36:56.216216216,upcoming
418,NFL,tournament,3.0,2680.33,1000,630,2023-11-01 17:09:11.351351352,completed
419,NBA,50-50,10.0,432.52,50,48,2023-11-02 10:41:26.486486484,upcoming
420,NFL,head2head,10.0,17.93,2,1,2023-11-03 04:13:41.621621620,live
421,MLB,50-50,20.0,183.58,10,9,2023-11-03 21:45:56.756756756,upcoming
422,NBA,head2head,25.0,46.66,2,1,2023-11-04 15:18:11.891891892,upcoming
423,NBA,head2head,3.0,5.38,2,1,2023-11-05 08:50:27.027027028,completed
424,NFL,50-50,10.0,909.36,100,83,2023-11-06 02:22:42.162162160,upcoming
425,NFL,tournament,250.0,1095918.09,5000,2519,2023-11-06 19:54:57.297297296,completed
426,NBA,satellite,50.0,1143.24,25,18,2023-11-07 13:27:12.432432432,completed
427,NBA,head2head,100.0,189.72,2,1,2023-11-08 06:59:27.567567568,completed
428,NBA,tournament,5.0,4274.53,1000,813,2023-11-09 00:31:42.702702700,upcoming
429,MLB,head2head,25.0,46.93,2,1,2023-11-09 18:03:57.837837836,completed
430,NBA,tournament,10.0,4531.14,500,366,2023-11-10 11:36:12.972972972,completed
431,NFL,satellite,1.0,21.88,25,22,2023-11-11 05:08:28.108108108,completed
432,NBA,multiplier,25.0,472.74,20,15,2023-11-11 22:40:43.243243244,cancelled
433,MLB,head2head,20.0,35.93,2,1,2023-11-12 16:12:58.378378376,completed
434,NHL,50-50,1.0,8.83,10,9,2023-11-13 09:45:13.513513512,upcoming
435,NBA,50-50,1.0,43.41,50,47,2023-11-14 03:17:28.648648648,upcoming
436,NBA,tournament,50.0,218611.31,5000,4464,2023-11-14 20:49:43.783783784,completed
437,MLB,head2head,1.0,1.87,2,1,2023-11-15 14:21:58.918918916,completed
438,NBA,multiplier,1.0,91.14,100,77,2023-11-16 07:54:14.054054052,live
439,NBA,satellite,5.0,235.33,50,30,2023-11-17 01:26:29.189189188,upcoming
440,MLB,satellite,1.0,8.73,10,7,2023-11-17 18:58:44.324324324,upcoming
441,NHL,50-50,100.0,862.11,10,7,2023-11-18 12:30:59.459459460,completed
442,NFL,50-50,5.0,42.53,10,9,2023-11-19 06:03:14.594594592,upcoming
443,NBA,tournament,10.0,90078.62,10000,9480,2023-11-19 23:35:29.729729728,completed
444,NBA,head2head,100.0,189.97,2,1,2023-11-20 17:07:44.864864864,completed
445,NBA,head2head,10.0,18.39,2,1,2023-11-21 10:40:00.000000000,upcoming
446,MLB,50-50,5.0,220.21,50,46,2023-11-22 04:12:15.135135136,completed
447,MLB,50-50,25.0,2344.21,100,58,2023-11-22 21:44:30.270270268,upcoming
448,MLB,multiplier,5.0,92.82,20,16,2023-11-23 15:16:45.405405404,completed
449,NBA,multiplier,3.0,127.73,50,25,2023-11-24 08:49:00.540540540,upcoming
450,NFL,multiplier,20.0,372.67,20,13,2023-11-25 02:21:15.675675676,completed
451,NBA,satellite,25.0,1100.07,50,49,2023-11-25 19:53:30.810810808,completed
452,NBA,tournament,25.0,216241.84,10000,5503,2023-11-26 13:25:45.945945944,upcoming
453,MLB,50-50,250.0,21815.83,100,71,2023-11-27 06:58:01.081081080,completed
454,NBA,50-50,25.0,2242.14,100,65,2023-11-28 00:30:16.216216216,completed
455,NFL,tournament,25.0,1115.61,50,47,2023-11-28 18:02:31.351351352,cancelled
456,NFL,satellite,50.0,439.44,10,9,2023-11-29 11:34:46.486486484,completed
457,NHL,multiplier,0.25,4.34,20,12,2023-11-30 05:07:01.621621620,cancelled
458,MLB,head2head,5.0,9.26,2,1,2023-11-30 22:39:16.756756756,completed
459,MLB,head2head,20.0,37.96,2,1,2023-12-01 16:11:31.891891892,completed
460,NFL,50-50,10.0,927.78,100,66,2023-12-02 09:43:47.027027024,upcoming
461,NBA,50-50,1.0,17.59,20,16,2023-12-03 03:16:02.162162160,live
462,NFL,satellite,3.0,65.59,25,12,2023-12-03 20:48:17.297297296,completed
463,NFL,tournament,3.0,261.53,100,56,2023-12-04 14:20:32.432432432,completed
464,NFL,head2head,10.0,17.27,2,1,2023-12-05 07:52:47.567567568,upcoming
465,NFL,tournament,50.0,4525.67,100,60,2023-12-06 01:25:02.702702700,completed
466,NBA,head2head,100.0,182.11,2,1,2023-12-06 18:57:17.837837836,completed
467,NBA,head2head,25.0,46.03,2,1,2023-12-07 12:29:32.972972972,completed
468,NBA,multiplier,50.0,918.02,20,12,2023-12-08 06:01:48.108108108,completed
469,NFL,tournament,5.0,219.81,50,49,2023-12-08 23:34:03.243243244,completed
470,NFL,tournament,5.0,220.76,50,35,2023-12-09 17:06:18.378378376,completed
471,NFL,head2head,5.0,9.18,2,1,2023-12-10 10:38:33.513513512,completed
472,NBA,tournament,10.0,88494.48,10000,5913,2023-12-11 04:10:48.648648648,completed
473,NBA,multiplier,1.0,43.56,50,40,2023-12-11 21:43:03.783783784,completed
474,MLB,50-50,10.0,88.74,10,8,2023-12-12 15:15:18.918918916,live
475,MLB,50-50,20.0,175.44,10,6,2023-12-13 08:47:34.054054052,completed
476,NFL,tournament,5.0,42941.56,10000,9144,2023-12-14 02:19:49.189189188,upcoming
477,NFL,tournament,100.0,46650.69,500,400,2023-12-14 19:52:04.324324324,live
478,NBA,tournament,10.0,46765.56,5000,3472,2023-12-15 13:24:19.459459460,completed
479,NFL,tournament,3.0,13079.63,5000,3894,2023-12-16 06:56:34.594594592,completed
480,MLB,multiplier,5.0,85.65,20,15,2023-12-17 00:28:49.729729728,completed
481,NFL,tournament,20.0,184776.55,10000,5827,2023-12-17 18:01:04.864864864,upcoming
482,NFL,50-50,3.0,261.35,100,70,2023-12-18 11:33:20.000000000,cancelled
483,NFL,head2head,1.0,1.78,2,1,2023-12-19 05:05:35.135135136,completed
484,NFL,50-50,10.0,85.64,10,7,2023-12-19 22:37:50.270270268,live
485,NFL,multiplier,100.0,1745.25,20,17,2023-12-20 16:10:05.405405404,completed
486,NFL,50-50,5.0,46.46,10,7,2023-12-21 09:42:20.540540540,completed
487,NFL,50-50,50.0,4652.2,100,97,2023-12-22 03:14:35.675675676,upcoming
488,NBA,satellite,50.0,435.35,10,6,2023-12-22 20:46:50.810810808,completed
489,NHL,50-50,1.0,8.84,10,7,2023-12-23 14:19:05.945945944,completed
490,MLB,tournament,20.0,8634.24,500,446,2023-12-24 07:51:21.081081080,completed
491,NBA,tournament,5.0,4287.09,1000,773,2023-12-25 01:23:36.216216216,live
492,NFL,50-50,3.0,142.38,50,38,2023-12-25 18:55:51.351351352,completed
493,NBA,50-50,20.0,183.11,10,5,2023-12-26 12:28:06.486486484,upcoming
494,NBA,tournament,20.0,904.21,50,34,2023-12-27 06:00:21.621621620,completed
495,NBA,tournament,1.0,4632.75,5000,3176,2023-12-27 23:32:36.756756756,completed
496,NFL,satellite,100.0,934.01,10,9,2023-12-28 17:04:51.891891892,live
497,MLB,head2head,25.0,46.53,2,1,2023-12-29 10:37:07.027027024,completed
498,NFL,tournament,100.0,851653.94,10000,9422,2023-12-30 04:09:22.162162160,live
499,NFL,head2head,3.0,5.21,2,1,2023-12-30 21:41:37.297297296,completed
500,NFL,multiplier,100.0,4577.45,50,33,2023-12-31 15:13:52.432432432,completed
501,NBA,head2head,5.0,8.88,2,1,2024-01-01 08:46:07.567567568,completed
502,NBA,50-50,1.0,18.96,20,18,2024-01-02 02:18:22.702702700,upcoming
503,MLB,head2head,25.0,45.83,2,1,2024-01-02 19:50:37.837837836,completed
504,NHL,50-50,20.0,945.65,50,29,2024-01-03 13:22:52.972972972,upcoming
505,NFL,multiplier,10.0,174.03,20,13,2024-01-04 06:55:08.108108108,completed
506,NFL,tournament,5.0,46819.79,10000,6676,2024-01-05 00:27:23.243243244,completed
507,NHL,tournament,0.25,1102.67,5000,2605,2024-01-05 17:59:38.378378376,completed
508,NBA,tournament,10.0,47447.82,5000,3995,2024-01-06 11:31:53.513513512,upcoming
509,MLB,tournament,5.0,4328.84,1000,927,2024-01-07 05:04:08.648648648,live
510,NFL,multiplier,10.0,901.63,100,69,2024-01-07 22:36:23.783783784,live
511,NFL,tournament,5.0,46464.22,10000,8700,2024-01-08 16:08:38.918918916,completed
512,NBA,50-50,250.0,22331.61,100,81,2024-01-09 09:40:54.054054052,completed
513,NFL,tournament,10.0,89680.84,10000,6878,2024-01-10 03:13:09.189189188,completed
514,MLB,tournament,20.0,94863.56,5000,2852,2024-01-10 20:45:24.324324324,upcoming
515,NBA,tournament,100.0,89253.08,1000,854,2024-01-11 14:17:39.459459460,completed
516,NFL,50-50,10.0,91.04,10,9,2024-01-12 07:49:54.594594592,completed
517,NBA,tournament,0.25,213.86,1000,842,2024-01-13 01:22:09.729729728,completed
518,MLB,50-50,0.25,4.67,20,10,2024-01-13 18:54:24.864864864,completed
519,NFL,tournament,20.0,182963.36,10000,6081,2024-01-14 12:26:40.000000000,completed
520,MLB,head2head,3.0,5.34,2,1,2024-01-15 05:58:55.135135132,upcoming
521,NBA,50-50,10.0,425.81,50,39,2024-01-15 23:31:10.270270268,completed
522,NBA,multiplier,3.0,136.38,50,43,2024-01-16 17:03:25.405405404,upcoming
523,NBA,head2head,3.0,5.11,2,1,2024-01-17 10:35:40.540540540,upcoming
524,NBA,50-50,10.0,850.12,100,91,2024-01-18 04:07:55.675675676,completed
525,NBA,tournament,250.0,1139512.32,5000,3888,2024-01-18 21:40:10.810810808,completed
526,NFL,50-50,10.0,434.45,50,42,2024-01-19 15:12:25.945945944,completed
527,NBA,multiplier,100.0,1738.38,20,19,2024-01-20 08:44:41.081081080,upcoming
528,NFL,multiplier,100.0,9153.27,100,54,2024-01-21 02:16:56.216216216,completed
529,NBA,50-50,3.0,128.31,50,47,2024-01-21 19:49:11.351351352,completed
530,NFL,tournament,3.0,132.2,50,28,2024-01-22 13:21:26.486486484,completed
531,NFL,multiplier,25.0,1081.18,50,34,2024-01-23 06:53:41.621621620,completed
532,NFL,tournament,50.0,4540.09,100,92,2024-01-24 00:25:56.756756756,completed
533,NHL,head2head,10.0,18.32,2,1,2024-01-24 17:58:11.891891892,completed
534,NBA,tournament,500.0,46105.68,100,75,2024-01-25 11:30:27.027027024,upcoming
535,NFL,satellite,0.25,5.47,25,19,2024-01-26 05:02:42.162162160,upcoming
536,NFL,multiplier,3.0,51.54,20,17,2024-01-26 22:34:57.297297296,completed
537,NFL,head2head,10.0,17.16,2,1,2024-01-27 16:07:12.432432432,completed
538,NFL,50-50,5.0,446.31,100,56,2024-01-28 09:39:27.567567568,upcoming
539,NFL,multiplier,1.0,94.46,100,90,2024-01-29 03:11:42.702702700,completed
540,NFL,tournament,5.0,21794.32,5000,3703,2024-01-29 20:43:57.837837836,upcoming
541,NFL,tournament,0.25,21.89,100,72,2024-01-30 14:16:12.972972972,completed
542,NHL,50-50,10.0,172.02,20,14,2024-01-31 07:48:28.108108108,live
543,NHL,tournament,50.0,227639.26,5000,3773,2024-02-01 01:20:43.243243240,completed
544,NBA,head2head,50.0,91.8,2,1,2024-02-01 18:52:58.378378376,completed
545,NBA,50-50,20.0,914.29,50,38,2024-02-02 12:25:13.513513512,upcoming
546,MLB,multiplier,5.0,93.61,20,19,2024-02-03 05:57:28.648648648,completed
547,NHL,50-50,10.0,89.86,10,5,2024-02-03 23:29:43.783783784,completed
548,NBA,50-50,1.0,86.34,100,86,2024-02-04 17:01:58.918918916,completed
549,NBA,tournament,3.0,13184.11,5000,4530,2024-02-05 10:34:14.054054052,upcoming
550,NHL,head2head,1.0,1.83,2,1,2024-02-06 04:06:29.189189188,completed
551,NFL,50-50,25.0,2278.28,100,80,2024-02-06 21:38:44.324324324,upcoming
552,NBA,tournament,100.0,45155.02,500,391,2024-02-07 15:10:59.459459460,completed
553,NFL,multiplier,10.0,183.66,20,18,2024-02-08 08:43:14.594594592,completed
554,NHL,head2head,20.0,36.55,2,1,2024-02-09 02:15:29.729729728,upcoming
555,MLB,tournament,1.0,4690.66,5000,2805,2024-02-09 19:47:44.864864864,completed
556,NFL,tournament,10.0,908.6,100,92,2024-02-10 13:20:00.000000000,completed
557,NFL,satellite,20.0,185.57,10,7,2024-02-11 06:52:15.135135132,completed
558,NBA,head2head,5.0,8.75,2,1,2024-02-12 00:24:30.270270268,completed
559,MLB,head2head,3.0,5.51,2,1,2024-02-12 17:56:45.405405404,completed
560,NBA,tournament,50.0,4701.1,100,71,2024-02-13 11:29:00.540540540,completed
561,NHL,multiplier,20.0,888.57,50,45,2024-02-14 05:01:15.675675676,completed
562,NBA,tournament,50.0,463955.21,10000,6317,2024-02-14 22:33:30.810810808,completed
563,MLB,tournament,25.0,23061.97,1000,501,2024-02-15 16:05:45.945945944,completed
564,NBA,head2head,500.0,855.95,2,1,2024-02-16 09:38:01.081081080,completed
565,NFL,50-50,1.0,18.16,20,11,2024-02-17 03:10:16.216216216,cancelled
566,NBA,head2head,1.0,1.73,2,1,2024-02-17 20:42:31.351351352,upcoming
567,NFL,tournament,3.0,14200.98,5000,3190,2024-02-18 14:14:46.486486484,completed
568,MLB,tournament,1.0,46.56,50,36,2024-02-19 07:47:01.621621620,completed
569,NFL,50-50,10.0,172.19,20,10,2024-02-20 01:19:16.756756756,upcoming
570,NFL,50-50,10.0,172.44,20,12,2024-02-20 18:51:31.891891892,completed
571,NBA,tournament,10.0,45472.37,5000,4453,2024-02-21 12:23:47.027027024,completed
572,NHL,satellite,3.0,66.34,25,14,2024-02-22 05:56:02.162162160,upcoming
573,NFL,satellite,50.0,2133.73,50,41,2024-02-22 23:28:17.297297296,completed
574,NFL,tournament,0.25,22.6,100,95,2024-02-23 17:00:32.432432432,completed
575,MLB,50-50,3.0,133.32,50,41,2024-02-24 10:32:47.567567568,cancelled
576,NFL,50-50,20.0,860.11,50,45,2024-02-25 04:05:02.702702704,live
577,NFL,multiplier,25.0,2325.48,100,55,2024-02-25 21:37:17.837837840,completed
578,NFL,tournament,5.0,470.75,100,62,2024-02-26 15:09:32.972972968,completed
579,NFL,tournament,0.25,231.41,1000,947,2024-02-27 08:41:48.108108104,completed
580,MLB,tournament,10.0,4661.21,500,428,2024-02-28 02:14:03.243243240,upcoming
581,MLB,multiplier,1.0,43.58,50,40,2024-02-28 19:46:18.378378376,completed
582,NBA,tournament,1.0,438.18,500,415,2024-02-29 13:18:33.513513512,completed
583,NBA,tournament,20.0,1741.71,100,70,2024-03-01 06:50:48.648648648,upcoming
584,NBA,tournament,3.0,2779.52,1000,522,2024-03-02 00:23:03.783783784,completed
585,NBA,tournament,3.0,14171.88,5000,4461,2024-03-02 17:55:18.918918920,completed
586,NFL,50-50,5.0,230.42,50,41,2024-03-03 11:27:34.054054056,completed
587,MLB,head2head,250.0,469.07,2,1,2024-03-04 04:59:49.189189184,completed
588,NBA,tournament,250.0,22846.75,100,94,2024-03-04 22:32:04.324324320,completed
589,NFL,multiplier,5.0,88.88,20,13,2024-03-05 16:04:19.459459456,upcoming
590,NHL,tournament,3.0,1338.86,500,323,2024-03-06 09:36:34.594594592,upcoming
591,MLB,50-50,3.0,128.63,50,46,2024-03-07 03:08:49.729729728,completed
592,NFL,head2head,3.0,5.12,2,1,2024-03-07 20:41:04.864864864,completed
593,MLB,tournament,10.0,91954.76,10000,7574,2024-03-08 14:13:20.000000000,completed
594,NFL,multiplier,10.0,178.77,20,11,2024-03-09 07:45:35.135135136,completed
595,NBA,50-50,5.0,90.52,20,12,2024-03-10 01:17:50.270270272,completed
596,NBA,tournament,5.0,2264.42,500,414,2024-03-10 18:50:05.405405408,upcoming
597,NBA,satellite,3.0,131.66,50,34,2024-03-11 12:22:20.540540536,completed
598,NBA,multiplier,5.0,448.79,100,91,2024-03-12 05:54:35.675675672,completed
599,NHL,satellite,3.0,26.91,10,9,2024-03-12 23:26:50.810810808,completed
600,MLB,tournament,10.0,44442.14,5000,4514,2024-03-13 16:59:05.945945944,completed
601,NFL,head2head,20.0,37.28,2,1,2024-03-14 10:31:21.081081080,completed
602,NFL,50-50,10.0,895.12,100,89,2024-03-15 04:03:36.216216216,completed
603,NBA,50-50,5.0,455.18,100,67,2024-03-15 21:35:51.351351352,completed
604,NFL,head2head,10.0,18.79,2,1,2024-03-16 15:08:06.486486488,live
605,MLB,50-50,3.0,280.99,100,51,2024-03-17 08:40:21.621621624,completed
606,NBA,head2head,0.25,0.47,2,1,2024-03-18 02:12:36.756756752,completed
607,NBA,tournament,10.0,877.0,100,95,2024-03-18 19:44:51.891891888,completed
608,NFL,tournament,3.0,256.05,100,61,2024-03-19 13:17:07.027027024,upcoming
609,NFL,50-50,20.0,1752.21,100,60,2024-03-20 06:49:22.162162160,completed
610,NFL,tournament,20.0,1755.74,100,98,2024-03-21 00:21:37.297297296,completed
611,NFL,multiplier,100.0,9409.36,100,51,2024-03-21 17:53:52.432432432,completed
612,NFL,50-50,100.0,9149.24,100,89,2024-03-22 11:26:07.567567568,live
613,NBA,50-50,0.25,21.45,100,66,2024-03-23 04:58:22.702702704,completed
614,NBA,satellite,500.0,10794.22,25,12,2024-03-23 22:30:37.837837840,completed
615,NFL,50-50,20.0,173.11,10,9,2024-03-24 16:02:52.972972968,completed
616,MLB,satellite,10.0,228.26,25,14,2024-03-25 09:35:08.108108104,completed
617,NHL,head2head,0.25,0.46,2,1,2024-03-26 03:07:23.243243240,completed
618,MLB,tournament,50.0,467982.2,10000,6370,2024-03-26 20:39:38.378378376,completed
619,NFL,head2head,1.0,1.89,2,1,2024-03-27 14:11:53.513513512,upcoming
620,NFL,tournament,50.0,2175.43,50,26,2024-03-28 07:44:08.648648648,completed
621,NFL,multiplier,0.25,4.4,20,11,2024-03-29 01:16:23.783783784,completed
622,NHL,head2head,10.0,17.48,2,1,2024-03-29 18:48:38.918918920,completed
623,NBA,tournament,5.0,2214.69,500,440,2024-03-30 12:20:54.054054056,completed
624,NFL,50-50,3.0,28.24,10,7,2024-03-31 05:53:09.189189184,completed
625,NFL,50-50,1.0,9.08,10,6,2024-03-31 23:25:24.324324320,upcoming
626,NFL,tournament,5.0,46190.96,10000,7091,2024-04-01 16:57:39.459459456,cancelled
627,NBA,50-50,1.0,8.99,10,9,2024-04-02 10:29:54.594594592,completed
628,NFL,head2head,5.0,8.53,2,1,2024-04-03 04:02:09.729729728,completed
629,MLB,tournament,10.0,4282.1,500,428,2024-04-03 21:34:24.864864864,completed
630,NFL,50-50,25.0,451.9,20,18,2024-04-04 15:06:40.000000000,live
631,MLB,50-50,20.0,921.88,50,32,2024-04-05 08:38:55.135135136,live
632,NBA,tournament,1.0,4357.67,5000,3452,2024-04-06 02:11:10.270270272,upcoming
633,NHL,multiplier,3.0,276.66,100,80,2024-04-06 19:43:25.405405400,upcoming
634,NFL,tournament,3.0,1396.6,500,405,2024-04-07 13:15:40.540540536,completed
635,NFL,tournament,100.0,445594.87,5000,3704,2024-04-08 06:47:55.675675672,completed
636,NBA,head2head,50.0,92.46,2,1,2024-04-09 00:20:10.810810808,live
637,NBA,50-50,5.0,44.52,10,9,2024-04-09 17:52:25.945945944,completed
638,NFL,50-50,1.0,18.36,20,18,2024-04-10 11:24:41.081081080,completed
639,NFL,head2head,50.0,92.64,2,1,2024-04-11 04:56:56.216216216,completed
640,NFL,tournament,50.0,474596.33,10000,8636,2024-04-11 22:29:11.351351352,completed
641,NBA,50-50,50.0,4422.7,100,63,2024-04-12 16:01:26.486486488,completed
642,MLB,tournament,50.0,445552.04,10000,5500,2024-04-13 09:33:41.621621624,completed
643,MLB,tournament,5.0,216.64,50,33,2024-04-14 03:05:56.756756752,live
644,NBA,50-50,1.0,43.52,50,35,2024-04-14 20:38:11.891891888,completed
645,NFL,head2head,5.0,9.19,2,1,2024-04-15 14:10:27.027027024,completed
646,MLB,multiplier,5.0,470.85,100,90,2024-04-16 07:42:42.162162160,live
647,NFL,head2head,5.0,8.89,2,1,2024-04-17 01:14:57.297297296,completed
648,NBA,50-50,10.0,173.6,20,15,2024-04-17 18:47:12.432432432,completed
649,NFL,tournament,3.0,26355.3,10000,5369,2024-04-18 12:19:27.567567568,completed
650,NBA,multiplier,5.0,89.55,20,11,2024-04-19 05:51:42.702702704,completed
651,NBA,head2head,5.0,8.79,2,1,2024-04-19 23:23:57.837837840,completed
652,NBA,50-50,1.0,43.67,50,40,2024-04-20 16:56:12.972972968,cancelled
653,NFL,50-50,5.0,461.8,100,97,2024-04-21 10:28:28.108108104,completed
654,NBA,tournament,25.0,2126.96,100,99,2024-04-22 04:00:43.243243240,completed
655,NHL,tournament,25.0,1129.9,50,34,2024-04-22 21:32:58.378378376,completed
656,NBA,50-50,5.0,464.69,100,64,2024-04-23 15:05:13.513513512,completed
657,NBA,satellite,10.0,219.16,25,23,2024-04-24 08:37:28.648648648,upcoming
658,NFL,head2head,0.25,0.46,2,1,2024-04-25 02:09:43.783783784,completed
659,NBA,head2head,20.0,36.68,2,1,2024-04-25 19:41:58.918918920,completed
660,NFL,multiplier,5.0,91.55,20,17,2024-04-26 13:14:14.054054056,live
661,NBA,head2head,5.0,8.95,2,1,2024-04-27 06:46:29.189189184,completed
662,NBA,satellite,50.0,2211.64,50,33,2024-04-28 00:18:44.324324320,upcoming
663,NBA,50-50,5.0,46.68,10,7,2024-04-28 17:50:59.459459456,completed
664,NFL,50-50,0.25,4.63,20,18,2024-04-29 11:23:14.594594592,completed
665,NBA,head2head,3.0,5.29,2,1,2024-04-30 04:55:29.729729728,upcoming
666,MLB,tournament,5.0,43015.1,10000,5105,2024-04-30 22:27:44.864864864,upcoming
667,NFL,50-50,5.0,428.59,100,66,2024-05-01 16:00:00.000000000,completed
668,NFL,multiplier,50.0,4297.14,100,57,2024-05-02 09:32:15.135135136,completed
669,NFL,satellite,10.0,454.14,50,30,2024-05-03 03:04:30.270270272,completed
670,NFL,head2head,20.0,34.21,2,1,2024-05-03 20:36:45.405405400,completed
671,NHL,head2head,5.0,8.84,2,1,2024-05-04 14:09:00.540540536,cancelled
672,NBA,head2head,5.0,9.25,2,1,2024-05-05 07:41:15.675675672,completed
673,NBA,multiplier,5.0,219.86,50,32,2024-05-06 01:13:30.810810808,completed
674,NBA,tournament,5.0,463.17,100,80,2024-05-06 18:45:45.945945944,upcoming
675,NBA,head2head,10.0,18.49,2,1,2024-05-07 12:18:01.081081080,completed
676,NBA,tournament,3.0,262.37,100,60,2024-05-08 05:50:16.216216216,completed
677,NFL,tournament,50.0,461441.11,10000,5821,2024-05-08 23:22:31.351351352,upcoming
678,NFL,satellite,3.0,138.72,50,30,2024-05-09 16:54:46.486486488,upcoming
679,NHL,tournament,1.0,88.97,100,75,2024-05-10 10:27:01.621621624,upcoming
680,NBA,tournament,1.0,4355.21,5000,3177,2024-05-11 03:59:16.756756752,completed
681,NBA,tournament,0.25,11.28,50,48,2024-05-11 21:31:31.891891888,upcoming
682,NHL,tournament,5.0,47106.99,10000,7319,2024-05-12 15:03:47.027027024,completed
683,MLB,head2head,1.0,1.83,2,1,2024-05-13 08:36:02.162162160,completed
684,NFL,head2head,0.25,0.43,2,1,2024-05-14 02:08:17.297297296,cancelled
685,NFL,50-50,10.0,91.83,10,6,2024-05-14 19:40:32.432432432,completed
686,MLB,head2head,20.0,35.71,2,1,2024-05-15 13:12:47.567567568,upcoming
687,NFL,tournament,1.0,454.58,500,319,2024-05-16 06:45:02.702702704,completed
688,NBA,tournament,5.0,23085.16,5000,3926,2024-05-17 00:17:17.837837840,completed
689,MLB,50-50,20.0,1802.99,100,88,2024-05-17 17:49:32.972972968,upcoming
690,NFL,50-50,250.0,2328.5,10,9,2024-05-18 11:21:48.108108104,completed
691,NBA,50-50,20.0,922.22,50,31,2024-05-19 04:54:03.243243240,completed
692,NFL,50-50,3.0,27.35,10,6,2024-05-19 22:26:18.378378376,completed
693,NFL,50-50,20.0,173.02,10,7,2024-05-20 15:58:33.513513512,upcoming
694,MLB,head2head,10.0,18.67,2,1,2024-05-21 09:30:48.648648648,completed
695,NBA,satellite,3.0,70.77,25,23,2024-05-22 03:03:03.783783784,completed
696,MLB,head2head,50.0,86.37,2,1,2024-05-22 20:35:18.918918920,completed
697,NFL,tournament,5.0,4494.12,1000,565,2024-05-23 14:07:34.054054056,upcoming
698,NFL,50-50,250.0,10948.61,50,37,2024-05-24 07:39:49.189189184,live
699,NBA,tournament,20.0,9254.52,500,276,2024-05-25 01:12:04.324324320,live
700,NFL,satellite,10.0,230.54,25,16,2024-05-25 18:44:19.459459456,completed
701,NHL,tournament,20.0,1728.18,100,57,2024-05-26 12:16:34.594594592,completed
702,NBA,multiplier,5.0,93.77,20,16,2024-05-27 05:48:49.729729728,completed
703,NBA,multiplier,10.0,173.62,20,19,2024-05-27 23:21:04.864864864,completed
704,NFL,satellite,50.0,464.86,10,9,2024-05-28 16:53:20.000000000,completed
705,MLB,satellite,20.0,447.85,25,17,2024-05-29 10:25:35.135135136,cancelled
706,NBA,multiplier,50.0,4414.14,100,79,2024-05-30 03:57:50.270270272,upcoming
707,NFL,50-50,50.0,432.91,10,9,2024-05-30 21:30:05.405405400,completed
708,NFL,tournament,250.0,21669.04,100,55,2024-05-31 15:02:20.540540536,completed
709,NBA,head2head,20.0,36.65,2,1,2024-06-01 08:34:35.675675672,upcoming
710,NFL,50-50,10.0,452.52,50,35,2024-06-02 02:06:50.810810808,completed
711,NBA,satellite,1.0,21.56,25,15,2024-06-02 19:39:05.945945944,completed
712,MLB,50-50,20.0,172.25,10,7,2024-06-03 13:11:21.081081080,completed
713,NFL,satellite,3.0,64.29,25,13,2024-06-04 06:43:36.216216216,completed
714,NFL,multiplier,3.0,138.66,50,42,2024-06-05 00:15:51.351351352,upcoming
715,NBA,head2head,3.0,5.53,2,1,2024-06-05 17:48:06.486486488,completed
716,NBA,tournament,50.0,4279.22,100,65,2024-06-06 11:20:21.621621616,completed
717,MLB,tournament,50.0,4530.14,100,56,2024-06-07 04:52:36.756756752,completed
718,NFL,head2head,10.0,17.17,2,1,2024-06-07 22:24:51.891891888,live
719,NFL,50-50,5.0,470.19,100,74,2024-06-08 15:57:07.027027024,completed
720,NFL,satellite,20.0,940.71,50,39,2024-06-09 09:29:22.162162160,completed
721,NFL,50-50,10.0,91.98,10,7,2024-06-10 03:01:37.297297296,upcoming
722,NBA,tournament,5.0,4713.09,1000,705,2024-06-10 20:33:52.432432432,cancelled
723,NBA,head2head,5.0,9.31,2,1,2024-06-11 14:06:07.567567568,cancelled
724,NBA,tournament,5.0,466.43,100,87,2024-06-12 07:38:22.702702704,upcoming
725,MLB,tournament,10.0,906.97,100,56,2024-06-13 01:10:37.837837840,completed
726,NBA,tournament,10.0,44030.3,5000,2759,2024-06-13 18:42:52.972972968,completed
727,NBA,head2head,5.0,8.72,2,1,2024-06-14 12:15:08.108108104,completed
728,MLB,tournament,250.0,1103400.0,5000,3022,2024-06-15 05:47:23.243243240,completed
729,NBA,tournament,1.0,456.42,500,326,2024-06-15 23:19:38.378378376,cancelled
730,NFL,multiplier,3.0,260.18,100,73,2024-06-16 16:51:53.513513512,upcoming
731,NBA,head2head,5.0,8.76,2,1,2024-06-17 10:24:08.648648648,live
732,NBA,head2head,0.25,0.45,2,1,2024-06-18 03:56:23.783783784,completed
733,NFL,head2head,5.0,8.73,2,1,2024-06-18 21:28:38.918918920,upcoming
734,NBA,tournament,3.0,13632.97,5000,4110,2024-06-19 15:00:54.054054056,upcoming
735,MLB,50-50,10.0,942.32,100,85,2024-06-20 08:33:09.189189184,completed
736,NFL,50-50,3.0,138.72,50,32,2024-06-21 02:05:24.324324320,upcoming
737,NBA,tournament,20.0,183328.53,10000,6611,2024-06-21 19:37:39.459459456,completed
738,NBA,50-50,10.0,181.65,20,14,2024-06-22 13:09:54.594594592,completed
739,NFL,tournament,1.0,898.79,1000,653,2024-06-23 06:42:09.729729728,live
740,NBA,50-50,25.0,217.16,10,9,2024-06-24 00:14:24.864864864,live
741,NBA,head2head,1.0,1.88,2,1,2024-06-24 17:46:40.000000000,completed
742,NFL,tournament,50.0,21871.34,500,291,2024-06-25 11:18:55.135135136,completed
743,MLB,50-50,100.0,1718.26,20,10,2024-06-26 04:51:10.270270272,cancelled
744,NFL,multiplier,3.0,55.5,20,10,2024-06-26 22:23:25.405405400,live
745,NFL,50-50,100.0,4337.81,50,31,2024-06-27 15:55:40.540540536,live
746,MLB,tournament,25.0,22179.74,1000,557,2024-06-28 09:27:55.675675672,completed
747,NBA,tournament,100.0,852828.49,10000,7666,2024-06-29 03:00:10.810810808,completed
748,MLB,satellite,20.0,863.71,50,46,2024-06-29 20:32:25.945945944,completed
749,MLB,head2head,3.0,5.2,2,1,2024-06-30 14:04:41.081081080,completed
750,NBA,head2head,50.0,85.54,2,1,2024-07-01 07:36:56.216216216,completed
751,NHL,head2head,1.0,1.83,2,1,2024-07-02 01:09:11.351351352,completed
752,NBA,tournament,3.0,2801.1,1000,753,2024-07-02 18:41:26.486486488,completed
753,NBA,tournament,3.0,1331.0,500,452,2024-07-03 12:13:41.621621616,completed
754,MLB,tournament,3.0,1406.19,500,459,2024-07-04 05:45:56.756756752,upcoming
755,NFL,tournament,10.0,8713.35,1000,954,2024-07-04 23:18:11.891891888,completed
756,NBA,multiplier,20.0,353.02,20,15,2024-07-05 16:50:27.027027024,completed
757,NBA,head2head,100.0,173.01,2,1,2024-07-06 10:22:42.162162160,completed
758,MLB,tournament,1.0,91.21,100,55,2024-07-07 03:54:57.297297296,completed
759,MLB,50-50,100.0,891.99,10,7,2024-07-07 21:27:12.432432432,completed
760,NFL,50-50,100.0,1822.66,20,12,2024-07-08 14:59:27.567567568,cancelled
761,NHL,tournament,1.0,92.62,100,71,2024-07-09 08:31:42.702702704,upcoming
762,NBA,multiplier,5.0,90.46,20,16,2024-07-10 02:03:57.837837840,completed
763,NBA,head2head,25.0,45.64,2,1,2024-07-10 19:36:12.972972968,completed
764,NFL,multiplier,10.0,188.71,20,10,2024-07-11 13:08:28.108108104,completed
765,MLB,tournament,25.0,219976.61,10000,5051,2024-07-12 06:40:43.243243240,upcoming
766,NBA,head2head,20.0,35.44,2,1,2024-07-13 00:12:58.378378376,completed
767,NBA,multiplier,5.0,230.44,50,25,2024-07-13 17:45:13.513513512,completed
768,MLB,50-50,0.25,4.56,20,11,2024-07-14 11:17:28.648648648,upcoming
769,NHL,head2head,10.0,17.36,2,1,2024-07-15 04:49:43.783783784,upcoming
770,NFL,head2head,0.25,0.44,2,1,2024-07-15 22:21:58.918918920,upcoming
771,NBA,head2head,10.0,17.94,2,1,2024-07-16 15:54:14.054054056,upcoming
772,NHL,50-50,25.0,1114.92,50,32,2024-07-17 09:26:29.189189184,upcoming
773,MLB,head2head,10.0,17.36,2,1,2024-07-18 02:58:44.324324320,completed
774,NFL,tournament,500.0,4712215.05,10000,7727,2024-07-18 20:30:59.459459456,completed
775,MLB,head2head,5.0,9.26,2,1,2024-07-19 14:03:14.594594592,upcoming
776,MLB,50-50,20.0,1796.27,100,83,2024-07-20 07:35:29.729729728,live
777,NHL,multiplier,20.0,367.2,20,12,2024-07-21 01:07:44.864864864,cancelled
778,MLB,50-50,500.0,4698.64,10,7,2024-07-21 18:40:00.000000000,completed
779,NFL,head2head,20.0,34.54,2,1,2024-07-22 12:12:15.135135136,completed
780,NFL,multiplier,1.0,17.5,20,17,2024-07-23 05:44:30.270270272,completed
781,NFL,50-50,100.0,1808.54,20,16,2024-07-23 23:16:45.405405400,completed
782,NFL,multiplier,20.0,929.9,50,46,2024-07-24 16:49:00.540540536,completed
783,MLB,tournament,1.0,426.81,500,467,2024-07-25 10:21:15.675675672,live
784,NHL,tournament,20.0,948.4,50,39,2024-07-26 03:53:30.810810808,completed
785,NFL,50-50,50.0,2238.73,50,35,2024-07-26 21:25:45.945945944,live
786,NFL,head2head,10.0,17.72,2,1,2024-07-27 14:58:01.081081080,live
787,NFL,tournament,5.0,219.82,50,45,2024-07-28 08:30:16.216216216,completed
788,NFL,multiplier,25.0,1084.29,50,25,2024-07-29 02:02:31.351351352,completed
789,NFL,multiplier,25.0,2322.89,100,99,2024-07-29 19:34:46.486486488,completed
790,NBA,satellite,10.0,236.39,25,14,2024-07-30 13:07:01.621621616,upcoming
791,NFL,50-50,1.0,89.14,100,73,2024-07-31 06:39:16.756756752,upcoming
792,NBA,tournament,3.0,14178.63,5000,4680,2024-08-01 00:11:31.891891888,upcoming
793,NBA,head2head,20.0,37.3,2,1,2024-08-01 17:43:47.027027024,cancelled
794,MLB,tournament,25.0,1122.63,50,36,2024-08-02 11:16:02.162162160,completed
795,NBA,tournament,3.0,2752.21,1000,566,2024-08-03 04:48:17.297297296,upcoming
796,NBA,tournament,5.0,22337.46,5000,3487,2024-08-03 22:20:32.432432432,upcoming
797,NBA,head2head,1.0,1.81,2,1,2024-08-04 15:52:47.567567568,upcoming
798,NBA,50-50,20.0,171.16,10,6,2024-08-05 09:25:02.702702704,completed
799,MLB,50-50,0.25,2.3,10,6,2024-08-06 02:57:17.837837832,cancelled
800,NFL,satellite,0.25,10.69,50,49,2024-08-06 20:29:32.972972968,completed
801,MLB,50-50,0.25,11.65,50,49,2024-08-07 14:01:48.108108104,upcoming
802,NBA,50-50,10.0,466.25,50,27,2024-08-08 07:34:03.243243240,completed
803,NBA,50-50,5.0,43.69,10,8,2024-08-09 01:06:18.378378376,completed
804,NBA,satellite,3.0,66.18,25,13,2024-08-09 18:38:33.513513512,completed
805,NFL,50-50,100.0,8981.31,100,51,2024-08-10 12:10:48.648648648,completed
806,NFL,multiplier,1.0,18.19,20,11,2024-08-11 05:43:03.783783784,completed
807,NHL,satellite,5.0,219.68,50,49,2024-08-11 23:15:18.918918920,upcoming
808,NFL,satellite,100.0,2273.12,25,24,2024-08-12 16:47:34.054054056,completed
809,NFL,tournament,5.0,439.89,100,59,2024-08-13 10:19:49.189189184,completed
810,MLB,head2head,10.0,17.11,2,1,2024-08-14 03:52:04.324324320,completed
811,NHL,head2head,1.0,1.7,2,1,2024-08-14 21:24:19.459459456,completed
812,NBA,head2head,25.0,43.01,2,1,2024-08-15 14:56:34.594594592,completed
813,NBA,head2head,5.0,9.29,2,1,2024-08-16 08:28:49.729729728,completed
814,NFL,head2head,25.0,47.31,2,1,2024-08-17 02:01:04.864864864,completed
815,NFL,tournament,3.0,1339.04,500,439,2024-08-17 19:33:20.000000000,live
816,NHL,tournament,5.0,4506.34,1000,654,2024-08-18 13:05:35.135135136,completed
817,NFL,50-50,25.0,2161.71,100,96,2024-08-19 06:37:50.270270272,completed
818,NBA,tournament,250.0,22627.58,100,82,2024-08-20 00:10:05.405405400,completed
819,NHL,50-50,1.0,17.29,20,14,2024-08-20 17:42:20.540540536,cancelled
820,MLB,50-50,25.0,1138.9,50,44,2024-08-21 11:14:35.675675672,completed
821,NBA,50-50,3.0,283.0,100,90,2024-08-22 04:46:50.810810808,completed
822,NHL,multiplier,10.0,434.78,50,32,2024-08-22 22:19:05.945945944,completed
823,NBA,head2head,3.0,5.56,2,1,2024-08-23 15:51:21.081081080,completed
824,NBA,head2head,10.0,17.05,2,1,2024-08-24 09:23:36.216216216,completed
825,NHL,tournament,5.0,4437.75,1000,582,2024-08-25 02:55:51.351351352,completed
826,NFL,head2head,3.0,5.17,2,1,2024-08-25 20:28:06.486486488,completed
827,NBA,50-50,0.25,4.43,20,14,2024-08-26 14:00:21.621621616,completed
828,NBA,tournament,1.0,86.74,100,90,2024-08-27 07:32:36.756756752,completed
829,NFL,tournament,100.0,887330.5,10000,8858,2024-08-28 01:04:51.891891888,live
830,NBA,head2head,500.0,891.75,2,1,2024-08-28 18:37:07.027027024,cancelled
831,NFL,tournament,25.0,220014.78,10000,7666,2024-08-29 12:09:22.162162160,completed
832,NFL,50-50,3.0,54.94,20,11,2024-08-30 05:41:37.297297296,completed
833,NBA,50-50,5.0,235.47,50,39,2024-08-30 23:13:52.432432432,cancelled
834,NFL,head2head,20.0,35.6,2,1,2024-08-31 16:46:07.567567568,upcoming
835,MLB,head2head,250.0,434.62,2,1,2024-09-01 10:18:22.702702704,completed
836,NFL,head2head,5.0,8.77,2,1,2024-09-02 03:50:37.837837832,live
837,NBA,head2head,25.0,46.77,2,1,2024-09-02 21:22:52.972972968,completed
838,NBA,multiplier,250.0,4535.82,20,15,2024-09-03 14:55:08.108108104,completed
839,NFL,head2head,50.0,89.55,2,1,2024-09-04 08:27:23.243243240,completed
840,MLB,50-50,3.0,259.49,100,83,2024-09-05 01:59:38.378378376,completed
841,NBA,multiplier,0.25,4.47,20,19,2024-09-05 19:31:53.513513512,completed
842,NBA,head2head,5.0,8.78,2,1,2024-09-06 13:04:08.648648648,completed
843,NFL,tournament,10.0,944.32,100,95,2024-09-07 06:36:23.783783784,live
844,NFL,satellite,3.0,140.76,50,45,2024-09-08 00:08:38.918918920,completed
845,NBA,multiplier,3.0,257.52,100,65,2024-09-08 17:40:54.054054056,completed
846,MLB,tournament,25.0,2254.16,100,98,2024-09-09 11:13:09.189189184,completed
847,NBA,50-50,5.0,43.63,10,6,2024-09-10 04:45:24.324324320,completed
848,NFL,multiplier,3.0,133.66,50,47,2024-09-10 22:17:39.459459456,completed
849,NFL,tournament,10.0,4688.42,500,470,2024-09-11 15:49:54.594594592,cancelled
850,NFL,multiplier,20.0,1805.5,100,87,2024-09-12 09:22:09.729729728,completed
851,NBA,tournament,25.0,22085.54,1000,781,2024-09-13 02:54:24.864864864,completed
852,NFL,tournament,1.0,4353.94,5000,2800,2024-09-13 20:26:40.000000000,upcoming
853,NBA,satellite,20.0,930.03,50,38,2024-09-14 13:58:55.135135136,completed
854,NBA,multiplier,10.0,912.45,100,67,2024-09-15 07:31:10.270270272,upcoming
855,NFL,tournament,1.0,448.4,500,448,2024-09-16 01:03:25.405405400,completed
856,NFL,head2head,25.0,43.59,2,1,2024-09-16 18:35:40.540540536,completed
857,NBA,50-50,5.0,441.71,100,95,2024-09-17 12:07:55.675675672,completed
858,NBA,50-50,3.0,283.8,100,50,2024-09-18 05:40:10.810810808,completed
859,MLB,50-50,5.0,45.1,10,9,2024-09-18 23:12:25.945945944,completed
860,MLB,satellite,3.0,133.51,50,48,2024-09-19 16:44:41.081081080,upcoming
861,NBA,multiplier,3.0,135.32,50,44,2024-09-20 10:16:56.216216216,live
862,NFL,tournament,25.0,115987.36,5000,2825,2024-09-21 03:49:11.351351352,live
863,NFL,head2head,1.0,1.77,2,1,2024-09-21 21:21:26.486486488,upcoming
864,NFL,tournament,250.0,2169676.53,10000,5104,2024-09-22 14:53:41.621621616,completed
865,MLB,50-50,10.0,908.49,100,81,2024-09-23 08:25:56.756756752,completed
866,NBA,50-50,1.0,91.65,100,81,2024-09-24 01:58:11.891891888,completed
867,MLB,tournament,1.0,92.13,100,99,2024-09-24 19:30:27.027027024,upcoming
868,NFL,tournament,10.0,9381.99,1000,699,2024-09-25 13:02:42.162162160,completed
869,NFL,tournament,10.0,44355.87,5000,3329,2024-09-26 06:34:57.297297296,completed
870,NFL,tournament,1.0,85.75,100,81,2024-09-27 00:07:12.432432432,upcoming
871,NHL,tournament,3.0,14187.52,5000,4564,2024-09-27 17:39:27.567567568,completed
872,NBA,head2head,25.0,44.68,2,1,2024-09-28 11:11:42.702702704,completed
873,NBA,tournament,0.25,2280.81,10000,9015,2024-09-29 04:43:57.837837832,completed
874,NBA,tournament,50.0,2291.58,50,35,2024-09-29 22:16:12.972972968,completed
875,NHL,50-50,20.0,904.65,50,40,2024-09-30 15:48:28.108108104,live
876,NFL,head2head,5.0,8.71,2,1,2024-10-01 09:20:43.243243240,cancelled
877,NFL,multiplier,3.0,277.65,100,74,2024-10-02 02:52:58.378378376,completed
878,NBA,50-50,0.25,4.65,20,12,2024-10-02 20:25:13.513513512,completed
879,MLB,50-50,25.0,1131.62,50,29,2024-10-03 13:57:28.648648648,live
880,MLB,50-50,1.0,8.99,10,5,2024-10-04 07:29:43.783783784,completed
881,NFL,tournament,3.0,258.42,100,85,2024-10-05 01:01:58.918918920,completed
882,NBA,tournament,10.0,4291.98,500,277,2024-10-05 18:34:14.054054056,upcoming
883,NBA,satellite,3.0,132.59,50,31,2024-10-06 12:06:29.189189184,live
884,NFL,50-50,5.0,88.11,20,12,2024-10-07 05:38:44.324324320,completed
885,NFL,satellite,25.0,1181.71,50,39,2024-10-07 23:10:59.459459456,completed
886,NBA,50-50,5.0,232.09,50,34,2024-10-08 16:43:14.594594592,live
887,NFL,head2head,100.0,183.2,2,1,2024-10-09 10:15:29.729729728,upcoming
888,NBA,head2head,50.0,90.18,2,1,2024-10-10 03:47:44.864864864,upcoming
889,MLB,50-50,3.0,52.0,20,11,2024-10-10 21:20:00.000000000,completed
890,NFL,tournament,5.0,2369.61,500,374,2024-10-11 14:52:15.135135136,upcoming
891,NBA,tournament,5.0,2218.76,500,334,2024-10-12 08:24:30.270270272,completed
892,NFL,multiplier,10.0,860.69,100,64,2024-10-13 01:56:45.405405400,live
893,NBA,tournament,3.0,2698.14,1000,533,2024-10-13 19:29:00.540540536,completed
894,NBA,tournament,250.0,2343499.5,10000,9478,2024-10-14 13:01:15.675675672,completed
895,MLB,multiplier,10.0,187.75,20,16,2024-10-15 06:33:30.810810808,cancelled
896,NBA,multiplier,5.0,85.11,20,11,2024-10-16 00:05:45.945945944,completed
897,NBA,tournament,10.0,4693.15,500,266,2024-10-16 17:38:01.081081080,completed
898,NBA,multiplier,5.0,438.57,100,98,2024-10-17 11:10:16.216216216,upcoming
899,NBA,multiplier,25.0,426.95,20,16,2024-10-18 04:42:31.351351352,completed
900,NBA,tournament,10.0,4673.9,500,354,2024-10-18 22:14:46.486486488,upcoming
901,NBA,head2head,0.25,0.47,2,1,2024-10-19 15:47:01.621621616,completed
902,NFL,head2head,1.0,1.82,2,1,2024-10-20 09:19:16.756756752,completed
903,NBA,tournament,50.0,226860.84,5000,4449,2024-10-21 02:51:31.891891888,upcoming
904,NFL,tournament,10.0,931.31,100,73,2024-10-21 20:23:47.027027024,completed
905,NBA,satellite,100.0,2321.58,25,17,2024-10-22 13:56:02.162162160,upcoming
906,NBA,50-50,1.0,18.78,20,10,2024-10-23 07:28:17.297297296,completed
907,NBA,50-50,3.0,54.32,20,19,2024-10-24 01:00:32.432432432,upcoming
908,MLB,satellite,1.0,23.67,25,20,2024-10-24 18:32:47.567567568,completed
909,NFL,multiplier,10.0,474.81,50,30,2024-10-25 12:05:02.702702704,completed
910,MLB,tournament,5.0,21541.36,5000,4799,2024-10-26 05:37:17.837837832,upcoming
911,NBA,head2head,1.0,1.87,2,1,2024-10-26 23:09:32.972972968,completed
912,MLB,50-50,10.0,449.99,50,49,2024-10-27 16:41:48.108108104,live
913,NBA,tournament,10.0,44437.83,5000,4685,2024-10-28 10:14:03.243243240,upcoming
914,NBA,tournament,3.0,2733.92,1000,998,2024-10-29 03:46:18.378378376,live
915,NFL,50-50,5.0,85.56,20,12,2024-10-29 21:18:33.513513512,upcoming
916,NBA,multiplier,20.0,1801.29,100,92,2024-10-30 14:50:48.648648648,completed
917,NHL,tournament,3.0,1405.63,500,455,2024-10-31 08:23:03.783783784,completed
918,NBA,50-50,3.0,52.28,20,12,2024-11-01 01:55:18.918918920,completed
919,NHL,tournament,3.0,26779.17,10000,5492,2024-11-01 19:27:34.054054048,completed
920,NFL,50-50,20.0,1887.9,100,98,2024-11-02 12:59:49.189189184,completed
921,NFL,head2head,50.0,89.29,2,1,2024-11-03 06:32:04.324324320,completed
922,NBA,multiplier,5.0,221.46,50,46,2024-11-04 00:04:19.459459456,completed
923,NBA,head2head,3.0,5.36,2,1,2024-11-04 17:36:34.594594592,completed
924,NHL,50-50,50.0,901.95,20,10,2024-11-05 11:08:49.729729728,completed
925,NBA,head2head,500.0,913.2,2,1,2024-11-06 04:41:04.864864864,upcoming
926,NFL,tournament,20.0,186013.86,10000,6193,2024-11-06 22:13:20.000000000,completed
927,NHL,tournament,250.0,2238025.55,10000,8449,2024-11-07 15:45:35.135135136,completed
928,NBA,tournament,20.0,18634.96,1000,782,2024-11-08 09:17:50.270270272,upcoming
929,NFL,head2head,20.0,36.13,2,1,2024-11-09 02:50:05.405405400,completed
930,NFL,tournament,5.0,441.92,100,58,2024-11-09 20:22:20.540540536,cancelled
931,NBA,50-50,5.0,91.58,20,13,2024-11-10 13:54:35.675675672,completed
932,NBA,50-50,1.0,46.09,50,29,2024-11-11 07:26:50.810810808,completed
933,NFL,head2head,25.0,45.29,2,1,2024-11-12 00:59:05.945945944,live
934,NBA,50-50,100.0,855.66,10,7,2024-11-12 18:31:21.081081080,upcoming
935,NFL,head2head,10.0,17.34,2,1,2024-11-13 12:03:36.216216216,completed
936,NBA,tournament,3.0,26355.89,10000,7421,2024-11-14 05:35:51.351351352,upcoming
937,NHL,tournament,1.0,439.13,500,272,2024-11-14 23:08:06.486486488,completed
938,NBA,50-50,3.0,137.6,50,28,2024-11-15 16:40:21.621621616,completed
939,NFL,tournament,3.0,127.78,50,30,2024-11-16 10:12:36.756756752,completed
940,NFL,satellite,10.0,231.39,25,23,2024-11-17 03:44:51.891891888,completed
941,NBA,tournament,100.0,8765.34,100,96,2024-11-17 21:17:07.027027024,completed
942,NBA,tournament,0.25,2202.51,10000,9131,2024-11-18 14:49:22.162162160,upcoming
943,MLB,tournament,0.25,112.85,500,333,2024-11-19 08:21:37.297297296,completed
944,MLB,multiplier,10.0,435.8,50,31,2024-11-20 01:53:52.432432432,completed
945,NBA,50-50,3.0,56.31,20,15,2024-11-20 19:26:07.567567568,completed
946,NFL,50-50,50.0,4292.68,100,86,2024-11-21 12:58:22.702702704,upcoming
947,NBA,multiplier,3.0,134.17,50,49,2024-11-22 06:30:37.837837832,cancelled
948,NBA,multiplier,3.0,140.24,50,28,2024-11-23 00:02:52.972972968,upcoming
949,NFL,50-50,3.0,27.35,10,5,2024-11-23 17:35:08.108108104,cancelled
950,MLB,head2head,1.0,1.76,2,1,2024-11-24 11:07:23.243243240,upcoming
951,NBA,multiplier,10.0,178.42,20,18,2024-11-25 04:39:38.378378376,cancelled
952,NHL,tournament,1.0,920.67,1000,923,2024-11-25 22:11:53.513513512,live
953,NBA,50-50,5.0,47.37,10,8,2024-11-26 15:44:08.648648648,completed
954,NFL,50-50,5.0,93.93,20,19,2024-11-27 09:16:23.783783784,completed
955,NFL,50-50,0.25,4.42,20,15,2024-11-28 02:48:38.918918920,completed
956,NFL,tournament,0.25,237.45,1000,956,2024-11-28 20:20:54.054054048,completed
957,NFL,50-50,10.0,425.18,50,49,2024-11-29 13:53:09.189189184,completed
958,NBA,satellite,20.0,852.76,50,46,2024-11-30 07:25:24.324324320,completed
959,NFL,head2head,100.0,186.48,2,1,2024-12-01 00:57:39.459459456,upcoming
960,NFL,tournament,1.0,86.99,100,59,2024-12-01 18:29:54.594594592,completed
961,NBA,50-50,1.0,8.56,10,7,2024-12-02 12:02:09.729729728,upcoming
962,MLB,satellite,1.0,8.74,10,7,2024-12-03 05:34:24.864864864,live
963,NBA,head2head,5.0,8.93,2,1,2024-12-03 23:06:40.000000000,cancelled
964,NFL,head2head,10.0,18.46,2,1,2024-12-04 16:38:55.135135136,upcoming
965,NBA,head2head,50.0,91.24,2,1,2024-12-05 10:11:10.270270272,upcoming
966,NBA,head2head,20.0,34.95,2,1,2024-12-06 03:43:25.405405400,completed
967,NBA,multiplier,3.0,54.02,20,10,2024-12-06 21:15:40.540540536,completed
968,NFL,50-50,5.0,94.26,20,13,2024-12-07 14:47:55.675675672,completed
969,NFL,50-50,100.0,931.5,10,6,2024-12-08 08:20:10.810810808,upcoming
970,NBA,tournament,3.0,1323.48,500,405,2024-12-09 01:52:25.945945944,upcoming
971,NBA,50-50,5.0,237.06,50,28,2024-12-09 19:24:41.081081080,upcoming
972,NBA,head2head,100.0,184.17,2,1,2024-12-10 12:56:56.216216216,completed
973,NFL,tournament,20.0,856.24,50,36,2024-12-11 06:29:11.351351352,completed
974,NFL,tournament,20.0,17070.32,1000,958,2024-12-12 00:01:26.486486488,completed
975,NBA,head2head,3.0,5.2,2,1,2024-12-12 17:33:41.621621616,completed
976,NBA,tournament,5.0,230.7,50,31,2024-12-13 11:05:56.756756752,completed
977,MLB,tournament,1.0,43.42,50,28,2024-12-14 04:38:11.891891888,completed
978,NBA,head2head,10.0,18.02,2,1,2024-12-14 22:10:27.027027024,upcoming
979,NBA,head2head,1.0,1.72,2,1,2024-12-15 15:42:42.162162160,completed
980,NBA,50-50,50.0,2355.22,50,27,2024-12-16 09:14:57.297297296,completed
981,NFL,head2head,25.0,44.22,2,1,2024-12-17 02:47:12.432432432,cancelled
982,NFL,satellite,10.0,470.41,50,39,2024-12-17 20:19:27.567567568,completed
983,NFL,head2head,1.0,1.89,2,1,2024-12-18 13:51:42.702702704,completed
984,NBA,50-50,0.25,10.63,50,29,2024-12-19 07:23:57.837837832,completed
985,NFL,multiplier,25.0,2241.03,100,88,2024-12-20 00:56:12.972972968,completed
986,NBA,satellite,10.0,85.25,10,9,2024-12-20 18:28:28.108108104,completed
987,MLB,multiplier,20.0,1881.74,100,55,2024-12-21 12:00:43.243243240,completed
988,NFL,tournament,3.0,27055.22,10000,5777,2024-12-22 05:32:58.378378376,completed
989,NFL,tournament,10.0,4287.47,500,490,2024-12-22 23:05:13.513513512,completed
990,NBA,tournament,20.0,8610.28,500,259,2024-12-23 16:37:28.648648648,completed
991,NBA,head2head,5.0,8.88,2,1,2024-12-24 10:09:43.783783784,upcoming
992,NFL,head2head,10.0,18.88,2,1,2024-12-25 03:41:58.918918920,completed
993,NFL,multiplier,25.0,459.65,20,18,2024-12-25 21:14:14.054054048,upcoming
994,NBA,50-50,3.0,281.03,100,65,2024-12-26 14:46:29.189189184,completed
995,NHL,50-50,1.0,8.87,10,9,2024-12-27 08:18:44.324324320,completed
996,NHL,satellite,10.0,213.58,25,16,2024-12-28 01:50:59.459459456,upcoming
997,NFL,50-50,1.0,47.37,50,41,2024-12-28 19:23:14.594594592,completed
998,NHL,50-50,25.0,1064.65,50,27,2024-12-29 12:55:29.729729728,completed
999,NBA,50-50,20.0,944.77,50,31,2024-12-30 06:27:44.864864864,live
1000,NBA,head2head,50.0,88.69,2,1,2024-12-31 00:00:00.000000000,completed
