user_id,username,join_date,total_entries,total_contests,win_rate,avg_entry_fee,total_wagered,total_won,net_profit,risk_score,last_active,account_tier
1,user_0001,2020-01-01 00:00:00.000000000,530,405,0.236,25.95,11656.92,13384.86,1727.94,34.0,2024-01-01 00:00:00.000000000,gold
2,user_0002,2020-01-06 09:28:17.658862876,260,243,0.432,8.96,2686.75,2456.5,-230.25,26.0,2024-01-02 05:17:51.571906354,silver
3,user_0003,2020-01-11 18:56:35.317725752,32,27,0.566,3.72,138.91,132.69,-6.22,22.5,2024-01-03 10:35:43.143812709,bronze
4,user_0004,2020-01-17 04:24:52.976588628,355,344,0.398,14.85,5733.42,7224.62,1491.2,29.4,2024-01-04 15:53:34.715719063,silver
5,user_0005,2020-01-22 13:53:10.635451505,268,206,0.514,4.76,1429.23,1348.45,-80.78,45.5,2024-01-05 21:11:26.287625418,silver
6,user_0006,2020-01-27 23:21:28.294314381,37,29,0.433,17.36,667.16,536.39,-130.77,37.3,2024-01-07 02:29:17.859531772,bronze
7,user_0007,2020-02-02 08:49:45.953177257,209,175,0.404,6.23,1415.39,1600.16,184.77,44.3,2024-01-08 07:47:09.431438127,silver
8,user_0008,2020-02-07 18:18:03.612040134,270,193,0.453,3.05,890.92,859.14,-31.78,24.4,2024-01-09 13:05:01.003344481,bronze
9,user_0009,2020-02-13 03:46:21.270903010,66,60,0.208,14.94,966.7,850.79,-115.91,19.4,2024-01-10 18:22:52.575250836,bronze
10,user_0010,2020-02-18 13:14:38.929765886,226,159,0.481,3.31,805.4,693.82,-111.58,26.2,2024-01-11 23:40:44.147157190,bronze
11,user_0011,2020-02-23 22:42:56.588628762,69,61,0.156,12.24,941.38,1132.02,190.64,20.8,2024-01-13 04:58:35.719063545,bronze
12,user_0012,2020-02-29 08:11:14.247491639,948,725,0.525,33.73,35331.16,25003.47,-10327.69,50.0,2024-01-14 10:16:27.290969899,gold
13,user_0013,2020-03-05 17:39:31.906354515,21,17,0.378,0.98,19.48,17.85,-1.63,44.9,2024-01-15 15:34:18.862876254,bronze
14,user_0014,2020-03-11 03:07:49.565217391,5,4,0.681,4.1,17.3,13.74,-3.56,37.1,2024-01-16 20:52:10.434782608,bronze
15,user_0015,2020-03-16 12:36:07.224080268,55,39,0.387,6.91,347.97,307.84,-40.13,21.0,2024-01-18 02:10:02.006688963,bronze
16,user_0016,2020-03-21 22:04:24.882943144,102,88,0.737,2.58,211.93,206.91,-5.02,36.5,2024-01-19 07:27:53.578595317,bronze
17,user_0017,2020-03-27 07:32:42.541806020,10,8,0.428,3.43,31.33,27.71,-3.62,18.5,2024-01-20 12:45:45.150501672,bronze
18,user_0018,2020-04-01 17:01:00.200668896,492,477,0.694,8.26,4141.8,3915.74,-226.06,40.3,2024-01-21 18:03:36.722408026,silver
19,user_0019,2020-04-07 02:29:17.859531772,199,179,0.452,2.3,403.2,337.73,-65.47,42.1,2024-01-22 23:21:28.294314381,bronze
20,user_0020,2020-04-12 11:57:35.518394649,617,614,0.516,5.45,2931.9,3001.51,69.61,26.6,2024-01-24 04:39:19.866220735,silver
21,user_0021,2020-04-17 21:25:53.177257524,407,406,0.432,7.19,2937.03,3346.14,409.11,27.5,2024-01-25 09:57:11.438127090,silver
22,user_0022,2020-04-23 06:54:10.836120402,116,104,0.526,17.53,1709.39,1276.83,-432.56,48.9,2024-01-26 15:15:03.010033444,silver
23,user_0023,2020-04-28 16:22:28.494983278,718,703,0.702,24.11,18254.77,17264.6,-990.17,42.9,2024-01-27 20:32:54.581939799,gold
24,user_0024,2020-05-04 01:50:46.153846154,14,10,0.371,12.21,200.73,180.93,-19.8,21.9,2024-01-29 01:50:46.153846154,bronze
25,user_0025,2020-05-09 11:19:03.812709030,345,315,0.407,4.68,1684.57,1724.83,40.26,33.4,2024-01-30 07:08:37.725752508,silver
26,user_0026,2020-05-14 20:47:21.471571906,73,62,0.426,4.47,332.13,333.64,1.51,29.9,2024-01-31 12:26:29.297658863,bronze
27,user_0027,2020-05-20 06:15:39.130434782,1380,1100,0.255,14.9,22007.97,22522.68,514.71,23.3,2024-02-01 17:44:20.869565217,gold
28,user_0028,2020-05-25 15:43:56.789297658,178,152,0.352,7.08,1252.87,1504.68,251.81,37.3,2024-02-02 23:02:12.441471572,silver
29,user_0029,2020-05-31 01:12:14.448160536,170,143,0.58,17.2,3243.02,3041.38,-201.64,16.9,2024-02-04 04:20:04.013377926,silver
30,user_0030,2020-06-05 10:40:32.107023412,255,250,0.607,21.24,6079.22,5564.16,-515.06,64.2,2024-02-05 09:37:55.585284281,silver
31,user_0031,2020-06-10 20:08:49.765886288,213,185,0.518,3.51,603.61,449.15,-154.46,48.6,2024-02-06 14:55:47.157190635,bronze
32,user_0032,2020-06-16 05:37:07.424749164,69,63,0.726,8.17,469.6,315.02,-154.58,53.1,2024-02-07 20:13:38.729096990,bronze
33,user_0033,2020-06-21 15:05:25.083612040,1412,1250,0.702,3.82,4318.51,3512.5,-806.01,47.2,2024-02-09 01:31:30.301003344,silver
34,user_0034,2020-06-27 00:33:42.742474916,887,719,0.884,11.38,11883.24,12038.73,155.49,60.8,2024-02-10 06:49:21.872909699,gold
35,user_0035,2020-07-02 10:02:00.401337792,13,9,0.239,12.54,171.04,147.65,-23.39,14.4,2024-02-11 12:07:13.444816053,bronze
36,user_0036,2020-07-07 19:30:18.060200668,359,321,0.276,3.01,890.15,598.99,-291.16,39.4,2024-02-12 17:25:05.016722408,bronze
37,user_0037,2020-07-13 04:58:35.719063544,2998,2253,0.4,0.76,2730.92,1661.43,-1069.49,49.2,2024-02-13 22:42:56.588628762,silver
38,user_0038,2020-07-18 14:26:53.377926422,35,28,0.216,3.72,122.88,115.68,-7.2,15.8,2024-02-15 04:00:48.160535117,bronze
39,user_0039,2020-07-23 23:55:11.036789298,357,278,0.643,6.45,2495.26,2761.31,266.05,67.7,2024-02-16 09:18:39.732441471,silver
40,user_0040,2020-07-29 09:23:28.695652172,36,30,0.337,4.01,142.29,143.14,0.85,21.4,2024-02-17 14:36:31.304347826,bronze
41,user_0041,2020-08-03 18:51:46.354515048,2,1,0.592,4.71,9.77,7.47,-2.3,32.0,2024-02-18 19:54:22.876254180,bronze
42,user_0042,2020-08-09 04:20:04.013377928,520,519,0.596,51.88,22904.14,18708.4,-4195.74,64.2,2024-02-20 01:12:14.448160535,gold
43,user_0043,2020-08-14 13:48:21.672240804,20,18,0.619,9.43,159.44,199.73,40.29,23.6,2024-02-21 06:30:06.020066889,bronze
44,user_0044,2020-08-19 23:16:39.331103680,421,400,0.718,3.69,1325.64,844.54,-481.1,47.0,2024-02-22 11:47:57.591973244,silver
45,user_0045,2020-08-25 08:44:56.989966556,28,25,0.147,3.33,81.16,87.7,6.54,24.2,2024-02-23 17:05:49.163879599,bronze
46,user_0046,2020-08-30 18:13:14.648829432,1435,1285,0.41,3.88,5267.32,3960.53,-1306.79,36.6,2024-02-24 22:23:40.735785953,silver
47,user_0047,2020-09-05 03:41:32.307692308,104,74,0.383,2.38,219.56,246.77,27.21,22.1,2024-02-26 03:41:32.307692308,bronze
48,user_0048,2020-09-10 13:09:49.966555184,317,265,0.518,4.08,1504.97,1641.68,136.71,36.1,2024-02-27 08:59:23.879598662,silver
49,user_0049,2020-09-15 22:38:07.625418060,60,51,0.408,6.31,378.04,365.02,-13.02,35.4,2024-02-28 14:17:15.451505017,bronze
50,user_0050,2020-09-21 08:06:25.284280936,71,63,0.407,47.78,3537.01,2987.91,-549.1,48.5,2024-02-29 19:35:07.023411371,silver
51,user_0051,2020-09-26 17:34:42.943143812,15,14,0.572,5.09,81.57,81.09,-0.48,41.3,2024-03-02 00:52:58.595317726,bronze
52,user_0052,2020-10-02 03:03:00.602006688,302,286,0.701,4.52,1584.9,1610.24,25.34,63.2,2024-03-03 06:10:50.167224080,silver
53,user_0053,2020-10-07 12:31:18.260869564,58,51,0.68,2.39,136.28,86.03,-50.25,37.6,2024-03-04 11:28:41.739130435,bronze
54,user_0054,2020-10-12 21:59:35.919732440,100,81,0.471,8.57,807.65,779.4,-28.25,49.7,2024-03-05 16:46:33.311036789,bronze
55,user_0055,2020-10-18 07:27:53.578595316,196,145,0.463,1.64,293.65,248.91,-44.74,30.6,2024-03-06 22:04:24.882943144,bronze
56,user_0056,2020-10-23 16:56:11.237458192,121,99,0.285,6.26,801.28,825.91,24.63,29.2,2024-03-08 03:22:16.454849498,bronze
57,user_0057,2020-10-29 02:24:28.896321072,118,101,0.52,18.8,2279.3,2505.98,226.68,39.9,2024-03-09 08:40:08.026755853,silver
58,user_0058,2020-11-03 11:52:46.555183948,108,86,0.559,2.75,319.02,274.21,-44.81,25.0,2024-03-10 13:57:59.598662207,bronze
59,user_0059,2020-11-08 21:21:04.214046824,46,44,0.62,7.08,360.93,356.79,-4.14,39.4,2024-03-11 19:15:51.170568562,bronze
60,user_0060,2020-11-14 06:49:21.872909700,121,115,0.184,5.98,623.46,599.1,-24.36,17.5,2024-03-13 00:33:42.742474916,bronze
61,user_0061,2020-11-19 16:17:39.531772576,61,58,0.409,7.73,455.1,462.22,7.12,25.1,2024-03-14 05:51:34.314381271,bronze
62,user_0062,2020-11-25 01:45:57.190635452,290,221,0.237,5.28,1775.82,1660.21,-115.61,10.2,2024-03-15 11:09:25.886287625,silver
63,user_0063,2020-11-30 11:14:14.849498328,101,90,0.524,5.75,484.99,624.12,139.13,34.6,2024-03-16 16:27:17.458193980,bronze
64,user_0064,2020-12-05 20:42:32.508361204,127,95,0.572,32.72,4819.8,3328.22,-1491.58,41.2,2024-03-17 21:45:09.030100334,silver
65,user_0065,2020-12-11 06:10:50.167224080,30,22,0.414,12.06,402.26,324.83,-77.43,31.8,2024-03-19 03:03:00.602006689,bronze
66,user_0066,2020-12-16 15:39:07.826086956,87,75,0.762,4.12,416.72,294.3,-122.42,57.7,2024-03-20 08:20:52.173913044,bronze
67,user_0067,2020-12-22 01:07:25.484949832,162,125,0.396,4.06,655.49,673.21,17.72,37.0,2024-03-21 13:38:43.745819398,bronze
68,user_0068,2020-12-27 10:35:43.143812708,1010,766,0.475,4.37,3915.82,2883.97,-1031.85,33.1,2024-03-22 18:56:35.317725753,silver
69,user_0069,2021-01-01 20:04:00.802675584,71,67,0.528,8.02,516.5,399.11,-117.39,22.1,2024-03-24 00:14:26.889632107,bronze
70,user_0070,2021-01-07 05:32:18.461538460,8,7,0.227,6.01,44.57,37.35,-7.22,24.8,2024-03-25 05:32:18.461538462,bronze
71,user_0071,2021-01-12 15:00:36.120401336,11,9,0.706,5.31,55.24,51.91,-3.33,34.4,2024-03-26 10:50:10.033444816,bronze
72,user_0072,2021-01-18 00:28:53.779264212,50,47,0.725,2.46,108.42,72.11,-36.31,37.9,2024-03-27 16:08:01.605351171,bronze
73,user_0073,2021-01-23 09:57:11.438127088,33,24,0.571,19.85,775.36,368.34,-407.02,41.3,2024-03-28 21:25:53.177257525,bronze
74,user_0074,2021-01-28 19:25:29.096989968,40,28,0.275,6.27,278.81,303.95,25.14,44.2,2024-03-30 02:43:44.749163880,bronze
75,user_0075,2021-02-03 04:53:46.755852844,358,324,0.55,1.44,579.42,330.4,-249.02,5.7,2024-03-31 08:01:36.321070234,bronze
76,user_0076,2021-02-08 14:22:04.414715720,393,359,0.396,9.29,3246.73,4236.25,989.52,40.2,2024-04-01 13:19:27.892976589,silver
77,user_0077,2021-02-13 23:50:22.073578596,129,98,0.364,14.08,1476.17,1333.53,-142.64,37.8,2024-04-02 18:37:19.464882943,silver
78,user_0078,2021-02-19 09:18:39.732441472,178,129,0.575,15.04,3044.3,3116.37,72.07,61.1,2024-04-03 23:55:11.036789298,silver
79,user_0079,2021-02-24 18:46:57.391304344,278,277,0.679,2.88,828.07,989.4,161.33,56.7,2024-04-05 05:13:02.608695652,bronze
80,user_0080,2021-03-02 04:15:15.050167224,48,38,0.566,5.23,221.13,156.71,-64.42,60.4,2024-04-06 10:30:54.180602007,bronze
81,user_0081,2021-03-07 13:43:32.709030096,17,13,0.296,2.56,43.17,31.44,-11.73,25.9,2024-04-07 15:48:45.752508361,bronze
82,user_0082,2021-03-12 23:11:50.367892976,791,647,0.761,2.0,1618.08,1409.79,-208.29,40.9,2024-04-08 21:06:37.324414716,silver
83,user_0083,2021-03-18 08:40:08.026755856,62,57,0.539,30.6,1946.96,1575.2,-371.76,41.3,2024-04-10 02:24:28.896321070,silver
84,user_0084,2021-03-23 18:08:25.685618728,60,51,0.611,1.73,102.88,110.81,7.93,40.0,2024-04-11 07:42:20.468227425,bronze
85,user_0085,2021-03-29 03:36:43.344481608,25,19,0.316,5.03,146.58,151.3,4.72,40.8,2024-04-12 13:00:12.040133779,bronze
86,user_0086,2021-04-03 13:05:01.003344480,414,339,0.418,6.76,2501.16,2672.05,170.89,42.9,2024-04-13 18:18:03.612040134,silver
87,user_0087,2021-04-08 22:33:18.662207360,26,22,0.402,2.49,56.09,32.77,-23.32,23.1,2024-04-14 23:35:55.183946488,bronze
88,user_0088,2021-04-14 08:01:36.321070232,209,169,0.227,6.2,1085.52,968.97,-116.55,36.4,2024-04-16 04:53:46.755852842,silver
89,user_0089,2021-04-19 17:29:53.979933112,1130,1099,0.105,6.91,8892.28,7852.31,-1039.97,19.5,2024-04-17 10:11:38.327759198,silver
90,user_0090,2021-04-25 02:58:11.638795984,63,55,0.654,10.58,796.33,542.41,-253.92,26.2,2024-04-18 15:29:29.899665552,bronze
91,user_0091,2021-04-30 12:26:29.297658864,509,384,0.434,3.77,1935.6,1937.87,2.27,34.9,2024-04-19 20:47:21.471571906,silver
92,user_0092,2021-05-05 21:54:46.956521736,86,81,0.482,3.45,319.31,231.96,-87.35,28.5,2024-04-21 02:05:13.043478260,bronze
93,user_0093,2021-05-11 07:23:04.615384616,27,19,0.44,1.83,54.13,38.42,-15.71,28.7,2024-04-22 07:23:04.615384616,bronze
94,user_0094,2021-05-16 16:51:22.274247488,162,153,0.623,19.5,3006.53,2763.02,-243.51,57.6,2024-04-23 12:40:56.187290970,silver
95,user_0095,2021-05-22 02:19:39.933110368,354,260,0.562,3.01,1129.35,1214.96,85.61,51.9,2024-04-24 17:58:47.759197324,silver
96,user_0096,2021-05-27 11:47:57.591973240,134,128,0.437,3.5,395.96,504.24,108.28,20.0,2024-04-25 23:16:39.331103678,bronze
97,user_0097,2021-06-01 21:16:15.250836120,29,27,0.666,43.62,1301.92,1279.03,-22.89,45.0,2024-04-27 04:34:30.903010034,silver
98,user_0098,2021-06-07 06:44:32.909699000,1716,1450,0.387,8.3,14779.16,14452.34,-326.82,34.6,2024-04-28 09:52:22.474916388,gold
99,user_0099,2021-06-12 16:12:50.568561872,137,108,0.484,3.77,572.38,641.07,68.69,23.8,2024-04-29 15:10:14.046822742,bronze
100,user_0100,2021-06-18 01:41:08.227424752,651,639,0.289,5.56,3543.98,2861.08,-682.9,25.7,2024-04-30 20:28:05.618729098,silver
101,user_0101,2021-06-23 11:09:25.886287624,92,75,0.468,4.03,370.85,378.78,7.93,19.5,2024-05-02 01:45:57.190635452,bronze
102,user_0102,2021-06-28 20:37:43.545150504,66,48,0.677,5.6,352.63,394.5,41.87,33.5,2024-05-03 07:03:48.762541806,bronze
103,user_0103,2021-07-04 06:06:01.204013376,3,2,0.309,51.62,135.84,171.72,35.88,20.0,2024-05-04 12:21:40.334448160,bronze
104,user_0104,2021-07-09 15:34:18.862876256,46,38,0.511,4.62,220.91,194.73,-26.18,24.9,2024-05-05 17:39:31.906354516,bronze
105,user_0105,2021-07-15 01:02:36.521739128,733,520,0.673,27.3,17635.28,17376.11,-259.17,63.1,2024-05-06 22:57:23.478260870,gold
106,user_0106,2021-07-20 10:30:54.180602008,239,203,0.424,6.48,1276.57,1458.3,181.73,28.1,2024-05-08 04:15:15.050167224,silver
107,user_0107,2021-07-25 19:59:11.839464880,1500,1300,0.524,3.59,5797.82,7118.47,1320.65,39.0,2024-05-09 09:33:06.622073578,silver
108,user_0108,2021-07-31 05:27:29.498327760,249,215,0.202,4.03,1188.62,879.5,-309.12,0.0,2024-05-10 14:50:58.193979934,silver
109,user_0109,2021-08-05 14:55:47.157190632,63,45,0.376,5.83,385.73,225.82,-159.91,35.2,2024-05-11 20:08:49.765886288,bronze
110,user_0110,2021-08-11 00:24:04.816053512,174,169,0.44,19.46,3317.79,2930.76,-387.03,31.6,2024-05-13 01:26:41.337792642,silver
111,user_0111,2021-08-16 09:52:22.474916384,31,21,0.542,14.85,411.67,463.16,51.49,41.5,2024-05-14 06:44:32.909698996,bronze
112,user_0112,2021-08-21 19:20:40.133779264,776,736,0.452,2.36,1871.97,1816.62,-55.35,35.3,2024-05-15 12:02:24.481605352,silver
113,user_0113,2021-08-27 04:48:57.792642144,325,262,0.568,3.78,1165.12,1254.52,89.4,55.9,2024-05-16 17:20:16.053511706,silver
114,user_0114,2021-09-01 14:17:15.451505016,6092,4907,0.229,49.86,261205.89,324754.91,63549.02,22.5,2024-05-17 22:38:07.625418060,platinum
115,user_0115,2021-09-06 23:45:33.110367896,81,72,0.256,15.95,1213.39,1117.7,-95.69,12.8,2024-05-19 03:55:59.197324414,silver
116,user_0116,2021-09-12 09:13:50.769230768,50,38,0.485,2.32,96.65,73.2,-23.45,37.8,2024-05-20 09:13:50.769230770,bronze
117,user_0117,2021-09-17 18:42:08.428093648,10,8,0.318,13.39,158.61,112.86,-45.75,9.6,2024-05-21 14:31:42.341137124,bronze
118,user_0118,2021-09-23 04:10:26.086956520,56,46,0.165,15.1,706.03,815.72,109.69,41.7,2024-05-22 19:49:33.913043478,bronze
119,user_0119,2021-09-28 13:38:43.745819400,219,165,0.534,2.15,384.65,366.46,-18.19,32.3,2024-05-24 01:07:25.484949832,bronze
120,user_0120,2021-10-03 23:07:01.404682272,490,455,0.752,21.51,11205.16,8726.45,-2478.71,54.8,2024-05-25 06:25:17.056856188,gold
121,user_0121,2021-10-09 08:35:19.063545152,9,8,0.483,25.06,236.74,265.92,29.18,29.9,2024-05-26 11:43:08.628762542,bronze
122,user_0122,2021-10-14 18:03:36.722408024,168,156,0.648,4.43,731.01,480.7,-250.31,41.7,2024-05-27 17:01:00.200668896,bronze
123,user_0123,2021-10-20 03:31:54.381270904,92,71,0.277,9.89,837.92,707.4,-130.52,29.4,2024-05-28 22:18:51.772575250,bronze
124,user_0124,2021-10-25 13:00:12.040133776,31,26,0.795,32.41,1102.5,1354.36,251.86,44.0,2024-05-30 03:36:43.344481606,silver
125,user_0125,2021-10-30 22:28:29.698996656,174,149,0.564,33.99,5417.53,3819.82,-1597.71,44.9,2024-05-31 08:54:34.916387960,silver
126,user_0126,2021-11-05 07:56:47.357859528,296,293,0.422,3.46,1018.74,1006.08,-12.66,42.8,2024-06-01 14:12:26.488294314,silver
127,user_0127,2021-11-10 17:25:05.016722408,61,53,0.617,1.74,123.35,113.43,-9.92,50.9,2024-06-02 19:30:18.060200668,bronze
128,user_0128,2021-11-16 02:53:22.675585280,104,83,0.757,3.69,425.48,387.77,-37.71,46.9,2024-06-04 00:48:09.632107024,bronze
129,user_0129,2021-11-21 12:21:40.334448160,1902,1884,0.293,10.56,20287.7,18272.61,-2015.09,26.5,2024-06-05 06:06:01.204013378,gold
130,user_0130,2021-11-26 21:49:57.993311040,29,24,0.42,2.59,62.87,65.74,2.87,37.8,2024-06-06 11:23:52.775919732,bronze
131,user_0131,2021-12-02 07:18:15.652173912,56,49,0.71,43.64,2214.08,2310.23,96.15,43.7,2024-06-07 16:41:44.347826088,silver
132,user_0132,2021-12-07 16:46:33.311036792,914,773,0.215,24.57,26316.34,27502.75,1186.41,35.1,2024-06-08 21:59:35.919732442,gold
133,user_0133,2021-12-13 02:14:50.969899664,1949,1886,0.43,30.31,70368.29,61426.99,-8941.3,58.0,2024-06-10 03:17:27.491638796,platinum
134,user_0134,2021-12-18 11:43:08.628762544,79,76,0.307,7.47,655.35,661.95,6.6,35.1,2024-06-11 08:35:19.063545150,bronze
135,user_0135,2021-12-23 21:11:26.287625416,727,529,0.285,16.68,13719.06,9680.33,-4038.73,30.3,2024-06-12 13:53:10.635451506,gold
136,user_0136,2021-12-29 06:39:43.946488296,75,66,0.404,8.69,593.71,600.66,6.95,39.6,2024-06-13 19:11:02.207357860,bronze
137,user_0137,2022-01-03 16:08:01.605351168,423,308,0.122,6.24,2716.81,2533.33,-183.48,17.6,2024-06-15 00:28:53.779264214,silver
138,user_0138,2022-01-09 01:36:19.264214048,404,363,0.407,11.47,5228.93,5022.39,-206.54,44.4,2024-06-16 05:46:45.351170568,silver
139,user_0139,2022-01-14 11:04:36.923076920,735,519,0.432,10.91,7707.81,8913.58,1205.77,36.0,2024-06-17 11:04:36.923076924,silver
140,user_0140,2022-01-19 20:32:54.581939800,16,15,0.314,19.76,262.96,263.03,0.07,30.4,2024-06-18 16:22:28.494983278,bronze
141,user_0141,2022-01-25 06:01:12.240802672,305,216,0.253,1.36,340.14,285.87,-54.27,32.0,2024-06-19 21:40:20.066889632,bronze
142,user_0142,2022-01-30 15:29:29.899665552,231,202,0.71,3.34,889.56,781.17,-108.39,47.3,2024-06-21 02:58:11.638795986,bronze
143,user_0143,2022-02-05 00:57:47.558528424,6993,5232,0.624,7.95,52190.22,49092.17,-3098.05,55.6,2024-06-22 08:16:03.210702342,platinum
144,user_0144,2022-02-10 10:26:05.217391304,77,66,0.456,12.01,954.16,1103.51,149.35,44.4,2024-06-23 13:33:54.782608696,bronze
145,user_0145,2022-02-15 19:54:22.876254176,111,110,0.762,117.18,14277.76,14204.35,-73.41,48.3,2024-06-24 18:51:46.354515050,gold
146,user_0146,2022-02-21 05:22:40.535117056,17,15,0.352,6.22,117.73,117.84,0.11,24.3,2024-06-26 00:09:37.926421404,bronze
147,user_0147,2022-02-26 14:50:58.193979936,425,375,0.464,9.03,3474.45,2233.66,-1240.79,50.8,2024-06-27 05:27:29.498327760,silver
148,user_0148,2022-03-04 00:19:15.852842808,4,3,0.409,10.03,39.6,23.65,-15.95,27.3,2024-06-28 10:45:21.070234114,bronze
149,user_0149,2022-03-09 09:47:33.511705688,141,113,0.67,2.18,307.41,301.55,-5.86,36.8,2024-06-29 16:03:12.642140468,bronze
150,user_0150,2022-03-14 19:15:51.170568560,470,422,0.393,12.95,6997.36,5747.91,-1249.45,40.9,2024-06-30 21:21:04.214046822,silver
151,user_0151,2022-03-20 04:44:08.829431440,689,601,0.325,5.02,3223.34,3539.64,316.3,42.6,2024-07-02 02:38:55.785953178,silver
152,user_0152,2022-03-25 14:12:26.488294312,96,91,0.382,1.95,209.13,205.73,-3.4,41.5,2024-07-03 07:56:47.357859532,bronze
153,user_0153,2022-03-30 23:40:44.147157192,25,24,0.267,77.02,2147.56,2026.0,-121.56,30.9,2024-07-04 13:14:38.929765886,silver
154,user_0154,2022-04-05 09:09:01.806020064,258,221,0.437,20.62,5647.51,5351.61,-295.9,54.6,2024-07-05 18:32:30.501672240,silver
155,user_0155,2022-04-10 18:37:19.464882944,213,169,0.294,4.09,854.69,777.56,-77.13,5.8,2024-07-06 23:50:22.073578596,bronze
156,user_0156,2022-04-16 04:05:37.123745824,21,17,0.315,5.39,96.48,97.53,1.05,26.1,2024-07-08 05:08:13.645484950,bronze
157,user_0157,2022-04-21 13:33:54.782608688,40,31,0.208,1.19,45.32,37.71,-7.61,26.8,2024-07-09 10:26:05.217391304,bronze
158,user_0158,2022-04-26 23:02:12.441471568,1871,1832,0.426,1.9,3855.41,3615.84,-239.57,42.6,2024-07-10 15:43:56.789297658,silver
159,user_0159,2022-05-02 08:30:30.100334448,23,20,0.595,10.14,255.97,219.63,-36.34,36.3,2024-07-11 21:01:48.361204014,bronze
160,user_0160,2022-05-07 17:58:47.759197328,705,548,0.552,26.36,21714.07,21743.64,29.57,48.1,2024-07-13 02:19:39.933110368,gold
161,user_0161,2022-05-13 03:27:05.418060192,160,155,0.21,3.15,527.67,412.62,-115.05,24.4,2024-07-14 07:37:31.505016722,bronze
162,user_0162,2022-05-18 12:55:23.076923072,793,766,0.643,11.18,8413.46,7032.82,-1380.64,31.7,2024-07-15 12:55:23.076923078,silver
163,user_0163,2022-05-23 22:23:40.735785952,416,362,0.412,11.51,4726.34,4139.36,-586.98,22.7,2024-07-16 18:13:14.648829432,silver
164,user_0164,2022-05-29 07:51:58.394648832,40,30,0.557,6.63,225.34,262.48,37.14,39.8,2024-07-17 23:31:06.220735786,bronze
165,user_0165,2022-06-03 17:20:16.053511712,9,8,0.546,6.39,63.69,55.52,-8.17,23.7,2024-07-19 04:48:57.792642140,bronze
166,user_0166,2022-06-09 02:48:33.712374576,1488,1233,0.424,1.08,1709.84,1634.87,-74.97,37.6,2024-07-20 10:06:49.364548496,silver
167,user_0167,2022-06-14 12:16:51.371237456,106,104,0.684,7.13,881.25,1012.84,131.59,47.1,2024-07-21 15:24:40.936454850,bronze
168,user_0168,2022-06-19 21:45:09.030100336,600,441,0.576,52.87,30232.75,26352.05,-3880.7,37.2,2024-07-22 20:42:32.508361204,gold
169,user_0169,2022-06-25 07:13:26.688963216,739,612,0.326,9.1,7264.61,7004.96,-259.65,31.9,2024-07-24 02:00:24.080267558,silver
170,user_0170,2022-06-30 16:41:44.347826080,116,104,0.677,11.51,1153.3,1227.06,73.76,65.3,2024-07-25 07:18:15.652173914,silver
171,user_0171,2022-07-06 02:10:02.006688960,69,65,0.471,3.58,272.79,290.97,18.18,44.6,2024-07-26 12:36:07.224080268,bronze
172,user_0172,2022-07-11 11:38:19.665551840,307,255,0.373,5.8,1617.55,1438.02,-179.53,31.1,2024-07-27 17:53:58.795986624,silver
173,user_0173,2022-07-16 21:06:37.324414720,281,258,0.386,0.44,144.85,138.31,-6.54,29.5,2024-07-28 23:11:50.367892976,bronze
174,user_0174,2022-07-22 06:34:54.983277584,120,90,0.541,15.42,2148.84,2062.72,-86.12,37.2,2024-07-30 04:29:41.939799332,silver
175,user_0175,2022-07-27 16:03:12.642140464,54,52,0.351,8.25,468.9,424.23,-44.67,26.5,2024-07-31 09:47:33.511705684,bronze
176,user_0176,2022-08-02 01:31:30.301003344,88,77,0.418,23.15,1990.66,1778.58,-212.08,33.7,2024-08-01 15:05:25.083612040,silver
177,user_0177,2022-08-07 10:59:47.959866224,103,86,0.336,20.97,1846.23,2414.75,568.52,18.2,2024-08-02 20:23:16.655518396,silver
178,user_0178,2022-08-12 20:28:05.618729104,196,183,0.337,6.49,1030.38,874.15,-156.23,27.5,2024-08-04 01:41:08.227424748,silver
179,user_0179,2022-08-18 05:56:23.277591968,1045,778,0.633,20.21,21085.75,23693.29,2607.54,50.7,2024-08-05 06:58:59.799331104,gold
180,user_0180,2022-08-23 15:24:40.936454848,1,0,0.749,21.72,22.68,25.96,3.28,54.7,2024-08-06 12:16:51.371237460,bronze
181,user_0181,2022-08-29 00:52:58.595317728,84,62,0.293,24.46,2018.17,1369.32,-648.85,32.9,2024-08-07 17:34:42.943143812,silver
182,user_0182,2022-09-03 10:21:16.254180608,52,44,0.686,3.77,157.58,158.22,0.64,37.4,2024-08-08 22:52:34.515050168,bronze
183,user_0183,2022-09-08 19:49:33.913043472,21,18,0.406,5.05,115.0,122.45,7.45,22.5,2024-08-10 04:10:26.086956520,bronze
184,user_0184,2022-09-14 05:17:51.571906352,93,91,0.533,2.16,222.23,185.82,-36.41,31.0,2024-08-11 09:28:17.658862876,bronze
185,user_0185,2022-09-19 14:46:09.230769232,53,51,0.705,6.93,372.33,422.39,50.06,41.6,2024-08-12 14:46:09.230769232,bronze
186,user_0186,2022-09-25 00:14:26.889632112,676,570,0.576,3.11,2257.47,2388.15,130.68,29.0,2024-08-13 20:04:00.802675584,silver
187,user_0187,2022-09-30 09:42:44.548494976,18,16,0.421,12.65,232.88,230.35,-2.53,30.9,2024-08-15 01:21:52.374581940,bronze
188,user_0188,2022-10-05 19:11:02.207357856,473,420,0.455,6.27,2685.63,2524.59,-161.04,30.5,2024-08-16 06:39:43.946488296,silver
189,user_0189,2022-10-11 04:39:19.866220736,28,26,0.451,3.45,103.4,103.92,0.52,22.7,2024-08-17 11:57:35.518394648,bronze
190,user_0190,2022-10-16 14:07:37.525083616,310,253,0.293,1.24,413.81,405.87,-7.94,29.0,2024-08-18 17:15:27.090301004,bronze
191,user_0191,2022-10-21 23:35:55.183946480,1576,1553,0.49,13.82,20805.02,21585.87,780.85,41.0,2024-08-19 22:33:18.662207356,gold
192,user_0192,2022-10-27 09:04:12.842809360,633,485,0.575,1.76,1174.02,1087.34,-86.68,39.4,2024-08-21 03:51:10.234113712,silver
193,user_0193,2022-11-01 18:32:30.501672240,33,30,0.333,10.32,272.72,258.56,-14.16,29.2,2024-08-22 09:09:01.806020068,bronze
194,user_0194,2022-11-07 04:00:48.160535120,223,160,0.689,5.46,1429.5,1326.37,-103.13,43.1,2024-08-23 14:26:53.377926420,silver
195,user_0195,2022-11-12 13:29:05.819398000,102,98,0.341,42.87,3885.01,4950.52,1065.51,29.1,2024-08-24 19:44:44.949832776,silver
196,user_0196,2022-11-17 22:57:23.478260864,101,98,0.198,50.88,5503.8,6393.38,889.58,33.7,2024-08-26 01:02:36.521739132,silver
197,user_0197,2022-11-23 08:25:41.137123744,148,123,0.699,23.1,4015.96,4017.42,1.46,53.2,2024-08-27 06:20:28.093645484,silver
198,user_0198,2022-11-28 17:53:58.795986624,17,15,0.555,4.31,84.98,85.21,0.23,31.3,2024-08-28 11:38:19.665551840,bronze
199,user_0199,2022-12-04 03:22:16.454849504,217,199,0.67,17.05,3859.85,4684.29,824.44,55.2,2024-08-29 16:56:11.237458196,silver
200,user_0200,2022-12-09 12:50:34.113712368,168,118,0.3,2.84,571.62,476.31,-95.31,33.2,2024-08-30 22:14:02.809364548,bronze
201,user_0201,2022-12-14 22:18:51.772575248,682,500,0.49,10.85,7919.82,8560.06,640.24,38.2,2024-09-01 03:31:54.381270904,silver
202,user_0202,2022-12-20 07:47:09.431438128,271,207,0.205,4.5,1015.91,910.07,-105.84,19.0,2024-09-02 08:49:45.953177256,silver
203,user_0203,2022-12-25 17:15:27.090301008,738,548,0.717,15.95,12332.59,14691.94,2359.35,40.5,2024-09-03 14:07:37.525083612,gold
204,user_0204,2022-12-31 02:43:44.749163872,120,89,0.557,1.18,127.47,109.83,-17.64,28.1,2024-09-04 19:25:29.096989968,bronze
205,user_0205,2023-01-05 12:12:02.408026752,1213,854,0.633,33.85,37696.71,38746.84,1050.13,50.5,2024-09-06 00:43:20.668896320,gold
206,user_0206,2023-01-10 21:40:20.066889632,718,670,0.476,51.56,39031.39,37885.59,-1145.8,44.4,2024-09-07 06:01:12.240802676,gold
207,user_0207,2023-01-16 07:08:37.725752512,232,214,0.385,9.73,2298.26,2109.49,-188.77,31.8,2024-09-08 11:19:03.812709032,silver
208,user_0208,2023-01-21 16:36:55.384615376,806,570,0.653,4.81,4569.8,5254.35,684.55,48.1,2024-09-09 16:36:55.384615384,silver
209,user_0209,2023-01-27 02:05:13.043478256,76,55,0.458,3.47,298.55,273.12,-25.43,43.7,2024-09-10 21:54:46.956521740,bronze
210,user_0210,2023-02-01 11:33:30.702341136,71,65,0.296,3.49,211.97,237.58,25.61,31.7,2024-09-12 03:12:38.528428092,bronze
211,user_0211,2023-02-06 21:01:48.361204016,165,163,0.429,8.1,1094.25,1249.72,155.47,38.1,2024-09-13 08:30:30.100334448,silver
212,user_0212,2023-02-12 06:30:06.020066896,393,281,0.428,1.23,510.56,472.82,-37.74,27.4,2024-09-14 13:48:21.672240804,bronze
213,user_0213,2023-02-17 15:58:23.678929760,88,67,0.286,11.36,856.86,619.6,-237.26,9.4,2024-09-15 19:06:13.244147156,bronze
214,user_0214,2023-02-23 01:26:41.337792640,19,14,0.699,9.54,190.37,197.0,6.63,29.6,2024-09-17 00:24:04.816053512,bronze
215,user_0215,2023-02-28 10:54:58.996655520,1005,881,0.393,3.36,3115.67,2862.48,-253.19,40.1,2024-09-18 05:41:56.387959868,silver
216,user_0216,2023-03-05 20:23:16.655518400,380,353,0.363,38.89,16699.56,14574.22,-2125.34,23.0,2024-09-19 10:59:47.959866220,gold
217,user_0217,2023-03-11 05:51:34.314381264,266,264,0.525,13.58,3065.09,2907.26,-157.83,25.6,2024-09-20 16:17:39.531772576,silver
218,user_0218,2023-03-16 15:19:51.973244144,557,480,0.595,13.98,7820.35,5963.17,-1857.18,58.7,2024-09-21 21:35:31.103678928,silver
219,user_0219,2023-03-22 00:48:09.632107024,12,9,0.533,10.38,128.09,108.62,-19.47,24.0,2024-09-23 02:53:22.675585284,bronze
220,user_0220,2023-03-27 10:16:27.290969904,42,38,0.691,1.48,53.3,43.19,-10.11,10.3,2024-09-24 08:11:14.247491640,bronze
221,user_0221,2023-04-01 19:44:44.949832768,556,533,0.453,10.04,4882.7,5261.05,378.35,46.2,2024-09-25 13:29:05.819397992,silver
222,user_0222,2023-04-07 05:13:02.608695648,7,6,0.464,18.13,137.67,110.53,-27.14,36.4,2024-09-26 18:46:57.391304348,bronze
223,user_0223,2023-04-12 14:41:20.267558528,601,442,0.606,28.38,14380.06,14665.89,285.83,67.7,2024-09-28 00:04:48.963210704,gold
224,user_0224,2023-04-18 00:09:37.926421408,184,170,0.66,3.09,638.36,454.16,-184.2,41.6,2024-09-29 05:22:40.535117056,bronze
225,user_0225,2023-04-23 09:37:55.585284288,1362,1348,0.559,26.22,41777.54,48384.95,6607.41,57.9,2024-09-30 10:40:32.107023412,gold
226,user_0226,2023-04-28 19:06:13.244147152,366,327,0.536,2.48,1064.86,1327.41,262.55,52.2,2024-10-01 15:58:23.678929768,silver
227,user_0227,2023-05-04 04:34:30.903010032,202,189,0.41,3.0,531.39,422.99,-108.4,25.1,2024-10-02 21:16:15.250836120,bronze
228,user_0228,2023-05-09 14:02:48.561872912,79,63,0.36,6.34,584.09,479.69,-104.4,23.9,2024-10-04 02:34:06.822742476,bronze
229,user_0229,2023-05-14 23:31:06.220735792,62,54,0.784,7.91,444.71,430.93,-13.78,50.2,2024-10-05 07:51:58.394648828,bronze
230,user_0230,2023-05-20 08:59:23.879598656,69,67,0.687,12.13,954.58,1186.08,231.5,51.1,2024-10-06 13:09:49.966555184,bronze
231,user_0231,2023-05-25 18:27:41.538461536,94,70,0.574,17.12,1441.12,1843.56,402.44,36.1,2024-10-07 18:27:41.538461540,silver
232,user_0232,2023-05-31 03:55:59.197324416,22,15,0.317,10.0,199.15,265.5,66.35,15.7,2024-10-08 23:45:33.110367892,bronze
233,user_0233,2023-06-05 13:24:16.856187296,118,117,0.763,4.91,554.76,465.55,-89.21,38.5,2024-10-10 05:03:24.682274248,bronze
234,user_0234,2023-06-10 22:52:34.515050160,16,13,0.546,5.34,70.01,61.56,-8.45,23.8,2024-10-11 10:21:16.254180604,bronze
235,user_0235,2023-06-16 08:20:52.173913040,49,36,0.267,0.69,33.42,22.31,-11.11,18.1,2024-10-12 15:39:07.826086956,bronze
236,user_0236,2023-06-21 17:49:09.832775920,1564,1454,0.725,2.51,4541.02,3779.04,-761.98,64.5,2024-10-13 20:56:59.397993312,silver
237,user_0237,2023-06-27 03:17:27.491638800,24,17,0.265,6.03,118.39,101.25,-17.14,18.7,2024-10-15 02:14:50.969899664,bronze
238,user_0238,2023-07-02 12:45:45.150501664,197,180,0.428,3.55,681.9,605.21,-76.69,35.7,2024-10-16 07:32:42.541806020,bronze
239,user_0239,2023-07-07 22:14:02.809364544,55,50,0.497,4.28,265.78,285.36,19.58,19.5,2024-10-17 12:50:34.113712376,bronze
240,user_0240,2023-07-13 07:42:20.468227424,5,4,0.472,3.54,19.96,21.99,2.03,25.8,2024-10-18 18:08:25.685618728,bronze
241,user_0241,2023-07-18 17:10:38.127090304,9,8,0.417,48.0,346.07,337.93,-8.14,43.8,2024-10-19 23:26:17.257525084,bronze
242,user_0242,2023-07-24 02:38:55.785953184,66,65,0.468,4.07,256.87,264.15,7.28,42.4,2024-10-21 04:44:08.829431440,bronze
243,user_0243,2023-07-29 12:07:13.444816048,8,6,0.583,17.91,121.62,106.09,-15.53,11.5,2024-10-22 10:02:00.401337792,bronze
244,user_0244,2023-08-03 21:35:31.103678928,39,29,0.7,58.91,1898.62,2235.05,336.43,48.7,2024-10-23 15:19:51.973244148,silver
245,user_0245,2023-08-09 07:03:48.762541808,276,255,0.296,2.54,829.24,934.93,105.69,23.9,2024-10-24 20:37:43.545150500,bronze
246,user_0246,2023-08-14 16:32:06.421404688,189,164,0.229,10.33,1763.26,1504.79,-258.47,33.1,2024-10-26 01:55:35.117056856,silver
247,user_0247,2023-08-20 02:00:24.080267552,58,46,0.474,23.57,1094.1,869.28,-224.82,30.0,2024-10-27 07:13:26.688963212,silver
248,user_0248,2023-08-25 11:28:41.739130432,579,465,0.307,2.16,1313.59,1409.63,96.04,32.4,2024-10-28 12:31:18.260869564,silver
249,user_0249,2023-08-30 20:56:59.397993312,562,534,0.66,1.5,980.4,989.46,9.06,38.5,2024-10-29 17:49:09.832775920,bronze
250,user_0250,2023-09-05 06:25:17.056856192,8674,6116,0.42,9.46,95766.81,68553.69,-27213.12,55.4,2024-10-30 23:07:01.404682276,platinum
251,user_0251,2023-09-10 15:53:34.715719056,76,54,0.247,2.98,203.61,188.39,-15.22,11.0,2024-11-01 04:24:52.976588628,bronze
252,user_0252,2023-09-16 01:21:52.374581936,202,166,0.552,8.04,1411.84,1268.43,-143.41,22.5,2024-11-02 09:42:44.548494984,silver
253,user_0253,2023-09-21 10:50:10.033444816,95,91,0.306,13.74,1145.8,915.84,-229.96,23.8,2024-11-03 15:00:36.120401336,silver
254,user_0254,2023-09-26 20:18:27.692307696,99,96,0.578,10.74,1024.91,988.26,-36.65,31.1,2024-11-04 20:18:27.692307692,silver
255,user_0255,2023-10-02 05:46:45.351170560,59,56,0.141,4.28,296.68,315.76,19.08,26.8,2024-11-06 01:36:19.264214048,bronze
256,user_0256,2023-10-07 15:15:03.010033440,5227,4697,0.287,7.37,32353.86,23550.35,-8803.51,30.3,2024-11-07 06:54:10.836120400,gold
257,user_0257,2023-10-13 00:43:20.668896320,84,83,0.171,2.1,165.59,165.65,0.06,8.1,2024-11-08 12:12:02.408026756,bronze
258,user_0258,2023-10-18 10:11:38.327759200,20,16,0.181,11.58,208.12,185.91,-22.21,15.8,2024-11-09 17:29:53.979933112,bronze
259,user_0259,2023-10-23 19:39:55.986622080,8,6,0.359,1.94,14.27,11.38,-2.89,29.3,2024-11-10 22:47:45.551839464,bronze
260,user_0260,2023-10-29 05:08:13.645484944,89,65,0.227,81.06,8272.91,7551.04,-721.87,27.1,2024-11-12 04:05:37.123745820,silver
261,user_0261,2023-11-03 14:36:31.304347824,1187,1118,0.755,1.5,1889.57,1025.68,-863.89,61.1,2024-11-13 09:23:28.695652176,silver
262,user_0262,2023-11-09 00:04:48.963210704,281,211,0.577,2.33,580.59,604.93,24.34,42.0,2024-11-14 14:41:20.267558528,bronze
263,user_0263,2023-11-14 09:33:06.622073584,58,46,0.328,15.89,944.68,605.32,-339.36,36.2,2024-11-15 19:59:11.839464884,bronze
264,user_0264,2023-11-19 19:01:24.280936448,1058,886,0.409,7.03,8370.51,8036.5,-334.01,52.6,2024-11-17 01:17:03.411371236,silver
265,user_0265,2023-11-25 04:29:41.939799328,28,21,0.444,17.96,528.19,575.19,47.0,24.7,2024-11-18 06:34:54.983277592,bronze
266,user_0266,2023-11-30 13:57:59.598662208,9,6,0.814,6.74,61.55,58.86,-2.69,39.0,2024-11-19 11:52:46.555183948,bronze
267,user_0267,2023-12-05 23:26:17.257525088,66,54,0.362,0.53,34.9,34.77,-0.13,13.6,2024-11-20 17:10:38.127090300,bronze
268,user_0268,2023-12-11 08:54:34.916387952,190,181,0.833,1.35,221.47,250.8,29.33,31.8,2024-11-21 22:28:29.698996656,bronze
269,user_0269,2023-12-16 18:22:52.575250832,168,159,0.42,3.82,635.06,561.53,-73.53,19.3,2024-11-23 03:46:21.270903012,bronze
270,user_0270,2023-12-22 03:51:10.234113712,107,102,0.243,16.7,1628.04,1510.77,-117.27,22.6,2024-11-24 09:04:12.842809364,silver
271,user_0271,2023-12-27 13:19:27.892976592,171,155,0.468,4.72,762.21,702.02,-60.19,29.9,2024-11-25 14:22:04.414715720,bronze
272,user_0272,2024-01-01 22:47:45.551839456,60,58,0.668,7.3,370.55,446.97,76.42,54.5,2024-11-26 19:39:55.986622072,bronze
273,user_0273,2024-01-07 08:16:03.210702336,27,21,0.451,5.47,141.91,102.0,-39.91,26.2,2024-11-28 00:57:47.558528428,bronze
274,user_0274,2024-01-12 17:44:20.869565216,11,10,0.702,6.63,71.61,57.73,-13.88,51.4,2024-11-29 06:15:39.130434784,bronze
275,user_0275,2024-01-18 03:12:38.528428096,9,8,0.466,7.2,65.29,71.65,6.36,19.0,2024-11-30 11:33:30.702341136,bronze
276,user_0276,2024-01-23 12:40:56.187290976,1041,888,0.517,243.51,250048.42,249016.35,-1032.07,50.5,2024-12-01 16:51:22.274247492,platinum
277,user_0277,2024-01-28 22:09:13.846153840,12,11,0.436,19.4,267.35,230.11,-37.24,39.6,2024-12-02 22:09:13.846153848,bronze
278,user_0278,2024-02-03 07:37:31.505016720,50,41,0.456,2.59,109.77,89.93,-19.84,36.3,2024-12-04 03:27:05.418060200,bronze
279,user_0279,2024-02-08 17:05:49.163879600,611,499,0.301,25.6,16635.9,11478.75,-5157.15,38.6,2024-12-05 08:44:56.989966556,gold
280,user_0280,2024-02-14 02:34:06.822742480,7,6,0.482,15.46,128.16,109.34,-18.82,37.2,2024-12-06 14:02:48.561872908,bronze
281,user_0281,2024-02-19 12:02:24.481605344,30,28,0.618,4.21,132.87,123.25,-9.62,34.4,2024-12-07 19:20:40.133779264,bronze
282,user_0282,2024-02-24 21:30:42.140468224,291,207,0.406,2.69,710.48,802.61,92.13,20.1,2024-12-09 00:38:31.705685620,bronze
283,user_0283,2024-03-01 06:58:59.799331104,30,22,0.372,2.18,59.64,59.99,0.35,40.4,2024-12-10 05:56:23.277591972,bronze
284,user_0284,2024-03-06 16:27:17.458193984,4723,3510,0.329,3.61,14724.17,13275.85,-1448.32,41.8,2024-12-11 11:14:14.849498328,gold
285,user_0285,2024-03-12 01:55:35.117056848,255,195,0.453,11.72,3428.86,3814.91,386.05,38.3,2024-12-12 16:32:06.421404684,silver
286,user_0286,2024-03-17 11:23:52.775919728,109,107,0.562,4.13,483.25,395.98,-87.27,34.5,2024-12-13 21:49:57.993311036,bronze
287,user_0287,2024-03-22 20:52:10.434782608,196,188,0.334,49.91,9167.48,9501.38,333.9,20.4,2024-12-15 03:07:49.565217392,silver
288,user_0288,2024-03-28 06:20:28.093645488,2964,2932,0.414,6.1,14531.06,13193.05,-1338.01,43.3,2024-12-16 08:25:41.137123744,gold
289,user_0289,2024-04-02 15:48:45.752508352,39,30,0.294,26.56,1098.6,1029.02,-69.58,35.6,2024-12-17 13:43:32.709030100,silver
290,user_0290,2024-04-08 01:17:03.411371232,265,199,0.468,27.24,6779.12,5376.5,-1402.62,44.2,2024-12-18 19:01:24.280936456,silver
291,user_0291,2024-04-13 10:45:21.070234112,34,26,0.327,3.11,93.02,78.99,-14.03,29.4,2024-12-20 00:19:15.852842808,bronze
292,user_0292,2024-04-18 20:13:38.729096992,1182,867,0.256,4.77,6452.73,6150.96,-301.77,47.1,2024-12-21 05:37:07.424749164,silver
293,user_0293,2024-04-24 05:41:56.387959872,2945,2842,0.638,2.55,8370.68,8170.61,-200.07,34.1,2024-12-22 10:54:58.996655520,silver
294,user_0294,2024-04-29 15:10:14.046822736,67,63,0.444,6.22,426.71,388.4,-38.31,41.1,2024-12-23 16:12:50.568561872,bronze
295,user_0295,2024-05-05 00:38:31.705685616,1154,1101,0.435,197.58,189117.43,174758.24,-14359.19,36.6,2024-12-24 21:30:42.140468228,platinum
296,user_0296,2024-05-10 10:06:49.364548496,21,15,0.497,3.34,76.1,76.02,-0.08,43.9,2024-12-26 02:48:33.712374584,bronze
297,user_0297,2024-05-15 19:35:07.023411376,3535,3004,0.309,2.01,6753.69,4564.13,-2189.56,21.2,2024-12-27 08:06:25.284280936,silver
298,user_0298,2024-05-21 05:03:24.682274240,278,195,0.532,28.95,8632.98,10580.36,1947.38,45.7,2024-12-28 13:24:16.856187292,silver
299,user_0299,2024-05-26 14:31:42.341137120,237,173,0.603,3.86,996.31,877.09,-119.22,39.2,2024-12-29 18:42:08.428093644,bronze
300,user_0300,2024-06-01 00:00:00.000000000,16,14,0.576,2.29,33.07,27.54,-5.53,20.9,2024-12-31 00:00:00.000000000,bronze
